subCategory_ratings,subCategory_ids,user_ids
0,21,1
0,16,1
0,3,1
0,41,1
1,53,1
0,8,1
0,46,1
0,1,1
0,31,1
0,34,2
0,25,2
0,8,2
1,51,2
1,24,2
1,46,2
0,12,2
1,43,2
1,39,2
1,16,2
1,24,3
0,8,3
0,4,3
0,32,3
0,19,3
1,18,3
0,9,3
1,47,3
1,11,3
1,26,3
0,47,4
0,31,4
0,49,4
1,38,4
1,10,4
1,28,4
1,24,4
1,51,4
1,22,4
0,35,4
1,34,5
0,10,5
0,53,5
0,19,5
0,14,5
1,35,5
0,1,5
0,38,5
1,39,5
1,27,5
0,31,6
1,42,6
0,24,6
0,49,6
1,17,6
0,26,6
0,21,6
1,15,6
1,32,6
1,16,6
0,39,7
0,38,7
1,32,7
0,52,7
1,11,7
1,12,7
1,27,7
0,10,7
0,18,7
1,42,7
1,17,8
0,28,8
0,3,8
1,41,8
0,20,8
0,48,8
0,32,8
1,1,8
1,53,8
1,27,8
1,49,9
1,19,9
0,25,9
1,32,9
1,42,9
0,13,9
1,20,9
0,14,9
1,36,9
0,7,9
0,45,10
0,26,10
1,3,10
1,15,10
0,11,10
0,24,10
0,36,10
0,22,10
1,37,10
1,8,10
1,32,11
1,31,11
0,12,11
1,23,11
1,30,11
0,42,11
0,50,11
0,41,11
1,33,11
0,20,11
0,32,12
0,11,12
1,28,12
0,47,12
1,26,12
1,34,12
1,22,12
1,31,12
0,36,12
1,15,12
1,12,13
0,51,13
1,53,13
1,31,13
1,54,13
0,42,13
0,28,13
0,2,13
1,48,13
1,22,13
1,24,14
1,27,14
0,36,14
0,2,14
1,17,14
1,1,14
0,22,14
0,33,14
1,8,14
1,18,14
0,41,15
0,7,15
0,47,15
0,23,15
0,42,15
1,15,15
0,10,15
1,21,15
1,12,15
1,45,15
0,1,16
1,47,16
1,54,16
1,39,16
0,44,16
1,24,16
0,16,16
1,15,16
1,3,16
0,23,16
0,42,17
0,26,17
0,18,17
1,33,17
1,27,17
1,44,17
1,34,17
0,21,17
1,30,17
1,31,17
1,49,18
1,5,18
1,30,18
1,31,18
1,24,18
1,8,18
1,29,18
0,36,18
0,20,18
0,54,18
1,44,19
1,36,19
1,7,19
1,23,19
1,9,19
0,42,19
1,37,19
0,20,19
0,54,19
1,41,19
0,34,20
0,36,20
0,9,20
0,47,20
0,30,20
0,42,20
0,26,20
0,4,20
0,22,20
1,11,20
0,31,21
1,53,21
0,18,21
0,41,21
1,12,21
1,17,21
1,29,21
1,7,21
1,37,21
0,15,21
0,42,22
1,6,22
0,43,22
0,31,22
1,33,22
0,3,22
1,11,22
1,29,22
0,9,22
0,16,22
0,16,23
0,19,23
1,25,23
1,50,23
1,41,23
0,11,23
0,36,23
0,45,23
1,32,23
0,21,23
0,10,24
0,14,24
0,34,24
1,9,24
0,28,24
0,36,24
0,26,24
1,8,24
1,32,24
0,4,24
0,50,25
1,51,25
0,49,25
1,14,25
1,21,25
1,43,25
0,44,25
1,13,25
0,11,25
0,28,25
1,21,26
0,41,26
0,26,26
0,30,26
0,23,26
1,25,26
0,14,26
1,45,26
0,36,26
0,39,26
0,50,27
0,37,27
1,13,27
1,5,27
1,35,27
1,17,27
1,22,27
1,24,27
1,8,27
0,51,27
1,34,28
0,21,28
1,37,28
1,42,28
0,27,28
0,48,28
0,11,28
1,17,28
0,51,28
1,22,28
0,54,29
1,9,29
1,14,29
1,30,29
0,4,29
1,41,29
0,6,29
1,37,29
1,11,29
0,48,29
1,21,30
0,28,30
1,23,30
0,46,30
0,54,30
0,39,30
0,14,30
0,22,30
1,49,30
0,50,30
1,12,31
1,24,31
0,34,31
0,25,31
1,54,31
0,50,31
0,23,31
1,48,31
0,37,31
0,30,31
1,43,32
1,40,32
0,28,32
0,17,32
1,38,32
1,47,32
0,34,32
1,45,32
0,11,32
1,21,32
1,10,33
1,12,33
0,28,33
1,25,33
1,19,33
0,31,33
0,16,33
0,21,33
0,7,33
0,13,33
0,36,34
0,14,34
1,21,34
0,11,34
1,5,34
1,43,34
0,49,34
0,16,34
0,25,34
0,1,34
1,5,35
1,46,35
0,17,35
1,9,35
1,53,35
0,38,35
1,27,35
0,47,35
0,1,35
0,23,35
0,19,36
1,3,36
0,30,36
0,8,36
0,20,36
0,11,36
0,17,36
0,14,36
0,28,36
0,39,36
1,8,37
1,34,37
1,11,37
0,48,37
0,4,37
0,1,37
1,12,37
0,3,37
0,31,37
0,24,37
1,22,38
0,41,38
0,39,38
1,32,38
0,33,38
1,2,38
1,20,38
1,47,38
0,53,38
0,40,38
0,9,39
1,37,39
1,24,39
0,26,39
1,3,39
1,33,39
0,32,39
1,48,39
0,10,39
0,36,39
1,9,40
0,29,40
1,11,40
0,1,40
1,34,40
0,24,40
0,39,40
1,23,40
0,14,40
0,8,40
1,32,41
0,42,41
0,28,41
0,33,41
1,25,41
1,15,41
1,47,41
0,48,41
1,43,41
0,10,41
1,53,42
0,13,42
1,34,42
1,46,42
0,36,42
1,40,42
1,22,42
0,31,42
0,8,42
1,51,42
0,21,43
0,16,43
0,12,43
1,34,43
0,46,43
1,54,43
0,52,43
1,24,43
0,1,43
1,18,43
1,40,44
1,2,44
0,7,44
0,47,44
1,43,44
1,46,44
0,49,44
0,18,44
0,41,44
0,6,44
0,20,45
0,34,45
0,33,45
1,52,45
1,42,45
1,44,45
0,53,45
1,17,45
0,48,45
1,28,45
0,4,46
0,19,46
0,1,46
0,7,46
1,46,46
0,22,46
1,39,46
0,3,46
0,9,46
0,15,46
1,8,47
0,10,47
1,13,47
1,45,47
1,11,47
0,32,47
0,15,47
0,52,47
0,42,47
0,4,47
0,43,48
0,1,48
1,9,48
1,52,48
0,25,48
0,36,48
1,4,48
0,45,48
1,39,48
1,34,48
0,8,49
0,37,49
1,45,49
0,20,49
0,49,49
0,9,49
0,15,49
1,47,49
0,12,49
1,2,49
0,51,50
1,21,50
0,22,50
1,5,50
0,20,50
0,29,50
0,37,50
1,3,50
0,15,50
1,46,50
1,8,51
0,35,51
1,4,51
1,25,51
0,32,51
1,33,51
0,47,51
0,34,51
1,19,51
1,48,51
0,22,52
1,44,52
0,42,52
0,16,52
0,35,52
0,49,52
0,19,52
0,43,52
0,30,52
1,1,52
0,36,53
1,46,53
1,13,53
0,24,53
0,14,53
0,41,53
1,6,53
0,8,53
1,27,53
0,26,53
0,25,54
1,41,54
0,12,54
1,1,54
0,22,54
0,33,54
1,9,54
1,16,54
1,39,54
0,15,54
1,11,55
0,17,55
1,8,55
0,5,55
1,47,55
0,28,55
1,7,55
1,41,55
1,49,55
0,10,55
0,27,56
1,34,56
1,15,56
1,48,56
1,42,56
1,46,56
1,29,56
1,14,56
1,24,56
0,52,56
0,20,57
1,19,57
1,27,57
1,51,57
0,22,57
0,50,57
1,43,57
1,8,57
1,21,57
0,36,57
1,32,58
1,15,58
0,20,58
1,36,58
0,47,58
0,43,58
1,42,58
1,46,58
1,18,58
1,34,58
1,26,59
0,14,59
1,36,59
1,48,59
1,19,59
1,4,59
1,33,59
0,53,59
1,38,59
1,45,59
0,21,60
0,4,60
1,53,60
0,51,60
1,12,60
1,27,60
0,52,60
0,13,60
1,20,60
1,38,60
1,34,61
1,49,61
1,21,61
1,13,61
0,17,61
1,41,61
1,1,61
0,39,61
1,30,61
0,36,61
0,28,62
0,37,62
0,19,62
0,4,62
0,23,62
0,33,62
1,5,62
1,24,62
1,20,62
1,47,62
0,6,63
0,5,63
1,15,63
0,28,63
1,41,63
1,47,63
0,22,63
0,32,63
1,3,63
1,53,63
0,4,64
1,27,64
1,12,64
0,28,64
1,34,64
1,3,64
1,14,64
1,43,64
1,50,64
0,19,64
1,54,65
0,32,65
0,18,65
1,28,65
1,25,65
1,10,65
0,36,65
0,47,65
1,49,65
1,26,65
1,52,66
0,30,66
1,14,66
1,23,66
0,22,66
0,39,66
0,6,66
1,44,66
1,3,66
0,28,66
1,21,67
1,38,67
1,9,67
1,12,67
1,39,67
1,33,67
0,26,67
1,25,67
0,7,67
0,31,67
0,49,68
0,22,68
0,8,68
0,47,68
0,53,68
1,3,68
0,19,68
0,15,68
0,41,68
1,42,68
0,45,69
0,49,69
0,53,69
0,31,69
1,8,69
1,27,69
0,47,69
1,39,69
0,40,69
1,22,69
0,24,70
0,4,70
0,44,70
0,15,70
1,42,70
1,19,70
1,18,70
1,20,70
0,23,70
1,17,70
1,44,71
1,36,71
1,52,71
1,6,71
1,14,71
0,5,71
1,31,71
0,45,71
0,32,71
0,2,71
0,51,72
0,46,72
0,13,72
1,35,72
0,7,72
1,40,72
0,3,72
1,15,72
1,50,72
1,17,72
1,18,73
0,30,73
1,33,73
0,4,73
1,8,73
1,49,73
0,22,73
0,5,73
1,17,73
0,40,73
0,50,74
0,42,74
1,20,74
0,22,74
0,45,74
1,49,74
1,46,74
1,14,74
0,28,74
1,32,74
1,39,75
1,43,75
1,29,75
0,54,75
1,41,75
1,10,75
0,40,75
0,23,75
1,7,75
1,6,75
0,20,76
1,54,76
0,13,76
1,10,76
0,46,76
0,9,76
0,31,76
1,21,76
1,30,76
1,34,76
0,38,77
0,22,77
0,50,77
1,48,77
0,23,77
1,13,77
0,30,77
0,49,77
1,46,77
1,33,77
1,13,78
0,26,78
1,29,78
1,43,78
0,50,78
1,6,78
1,27,78
1,38,78
1,8,78
1,39,78
1,44,79
1,36,79
1,53,79
0,41,79
0,15,79
1,14,79
1,10,79
1,22,79
1,4,79
1,5,79
0,49,80
0,45,80
0,36,80
1,37,80
1,17,80
0,12,80
1,24,80
1,1,80
1,21,80
1,10,80
1,25,81
1,31,81
1,42,81
1,22,81
0,10,81
0,48,81
1,14,81
1,4,81
1,5,81
0,2,81
1,31,82
0,43,82
1,22,82
0,51,82
1,23,82
1,5,82
1,33,82
1,45,82
1,12,82
1,16,82
1,18,83
1,52,83
0,42,83
1,19,83
0,27,83
0,46,83
1,43,83
1,41,83
1,7,83
0,24,83
1,18,84
0,15,84
1,10,84
0,22,84
0,2,84
0,21,84
0,30,84
1,54,84
0,51,84
0,13,84
0,17,85
1,46,85
1,51,85
1,32,85
0,23,85
0,15,85
0,28,85
0,21,85
1,50,85
1,33,85
0,36,86
0,4,86
1,30,86
0,34,86
1,35,86
0,26,86
0,3,86
0,49,86
1,12,86
1,48,86
1,17,87
0,44,87
0,15,87
1,42,87
1,30,87
1,4,87
0,43,87
0,53,87
1,9,87
1,26,87
0,49,88
0,25,88
0,29,88
1,54,88
0,34,88
0,9,88
1,5,88
1,48,88
1,21,88
1,15,88
0,32,89
0,36,89
1,23,89
1,34,89
0,17,89
0,35,89
0,27,89
1,6,89
0,31,89
0,39,89
0,18,90
0,21,90
1,35,90
1,46,90
1,11,90
1,54,90
0,8,90
1,3,90
0,19,90
0,40,90
1,5,91
1,37,91
0,29,91
1,22,91
0,48,91
0,3,91
1,25,91
1,24,91
0,9,91
1,43,91
1,30,92
0,5,92
0,17,92
0,12,92
0,3,92
0,15,92
1,1,92
1,51,92
1,21,92
0,7,92
1,47,93
0,42,93
1,35,93
1,43,93
0,24,93
0,44,93
0,20,93
1,21,93
0,53,93
1,3,93
0,26,94
1,39,94
0,20,94
1,17,94
1,5,94
0,43,94
1,2,94
1,40,94
1,13,94
1,8,94
1,15,95
0,45,95
1,30,95
1,21,95
1,5,95
1,16,95
0,48,95
1,31,95
1,8,95
0,43,95
0,10,96
1,2,96
1,32,96
0,41,96
0,54,96
0,31,96
0,23,96
0,17,96
0,40,96
0,3,96
0,42,97
1,26,97
1,49,97
1,32,97
1,2,97
1,6,97
0,25,97
0,44,97
1,18,97
1,51,97
1,49,98
1,8,98
0,26,98
0,38,98
0,44,98
1,22,98
1,9,98
0,35,98
1,12,98
0,45,98
1,1,99
1,4,99
1,51,99
0,25,99
0,23,99
0,29,99
0,52,99
1,21,99
1,30,99
1,16,99
0,29,100
0,44,100
0,5,100
1,51,100
1,27,100
1,6,100
1,22,100
1,32,100
1,53,100
0,13,100
1,7,101
1,12,101
1,34,101
1,37,101
0,3,101
0,5,101
0,53,101
1,45,101
0,20,101
1,3,101
1,38,102
0,53,102
0,41,102
0,52,102
1,21,102
0,4,102
0,9,102
1,10,102
0,34,102
0,13,102
1,53,103
1,21,103
0,51,103
1,12,103
1,30,103
0,28,103
1,9,103
0,39,103
0,49,103
1,14,103
0,20,104
0,3,104
0,43,104
1,13,104
0,38,104
0,37,104
1,53,104
0,10,104
1,15,104
1,9,104
1,50,105
0,45,105
0,42,105
1,10,105
1,43,105
1,36,105
0,34,105
1,49,105
0,16,105
0,41,105
0,3,106
1,37,106
0,22,106
1,8,106
1,28,106
1,53,106
1,21,106
1,35,106
1,13,106
1,6,106
0,25,107
0,3,107
1,22,107
1,21,107
1,13,107
0,52,107
0,39,107
1,35,107
0,46,107
0,47,107
0,1,108
1,19,108
1,18,108
0,49,108
1,25,108
0,14,108
1,7,108
1,32,108
0,37,108
1,22,108
1,50,109
1,21,109
1,8,109
0,54,109
1,36,109
0,28,109
0,20,109
0,1,109
0,41,109
1,31,109
0,44,110
1,10,110
0,8,110
1,43,110
1,52,110
1,38,110
1,28,110
0,34,110
0,11,110
0,29,110
1,18,111
0,10,111
0,54,111
0,28,111
1,16,111
1,17,111
1,26,111
0,35,111
0,44,111
1,12,111
1,15,112
0,47,112
1,45,112
1,40,112
1,43,112
0,37,112
1,8,112
1,29,112
0,20,112
0,35,112
1,48,113
1,13,113
1,31,113
1,19,113
1,25,113
0,32,113
0,46,113
0,20,113
1,27,113
0,6,113
0,29,114
1,14,114
0,49,114
0,22,114
1,12,114
1,47,114
0,25,114
0,37,114
1,13,114
1,13,114
1,33,115
1,25,115
1,34,115
0,26,115
0,30,115
1,1,115
0,6,115
0,50,115
0,7,115
1,47,115
1,29,116
0,18,116
0,31,116
0,49,116
0,46,116
0,23,116
1,2,116
1,27,116
1,38,116
1,23,116
1,41,117
1,20,117
1,37,117
0,19,117
1,6,117
1,53,117
1,52,117
1,40,117
0,21,117
1,36,117
1,6,118
1,40,118
0,2,118
0,18,118
1,13,118
1,48,118
1,20,118
0,47,118
0,25,118
1,18,118
0,47,119
0,19,119
0,22,119
1,30,119
1,39,119
0,45,119
0,32,119
0,24,119
0,20,119
0,9,119
1,12,120
0,15,120
0,37,120
1,42,120
0,21,120
0,7,120
0,19,120
0,33,120
1,6,120
0,41,120
0,31,121
0,21,121
1,5,121
0,47,121
1,2,121
0,27,121
1,52,121
1,49,121
0,38,121
0,52,121
1,20,122
1,8,122
1,30,122
1,23,122
0,42,122
0,34,122
0,22,122
1,25,122
1,12,122
1,8,122
1,1,123
1,35,123
1,25,123
1,2,123
0,12,123
1,9,123
0,11,123
1,6,123
0,29,123
0,19,123
0,45,124
1,3,124
1,22,124
0,49,124
1,20,124
1,48,124
0,42,124
1,23,124
1,38,124
0,26,124
0,19,125
1,29,125
1,38,125
0,18,125
1,39,125
1,44,125
0,54,125
0,48,125
0,47,125
0,40,125
1,53,126
0,24,126
1,32,126
1,7,126
1,20,126
1,49,126
0,37,126
0,4,126
0,16,126
1,20,126
0,27,127
0,21,127
0,46,127
1,2,127
1,25,127
0,19,127
1,33,127
1,23,127
0,7,127
0,42,127
1,12,128
1,30,128
1,51,128
1,1,128
0,35,128
1,43,128
1,19,128
0,48,128
1,15,128
1,6,128
0,35,129
0,24,129
0,16,129
1,30,129
0,4,129
0,9,129
0,26,129
1,45,129
1,38,129
0,9,129
1,24,130
0,5,130
0,11,130
1,51,130
0,34,130
1,49,130
0,42,130
1,8,130
1,37,130
0,28,130
0,24,131
0,30,131
1,42,131
1,34,131
0,47,131
0,16,131
0,29,131
0,49,131
1,25,131
0,29,131
1,52,132
1,53,132
1,50,132
1,20,132
1,30,132
1,37,132
0,18,132
0,3,132
1,19,132
0,45,132
0,41,133
1,31,133
0,4,133
0,26,133
1,8,133
0,27,133
0,2,133
1,17,133
1,10,133
1,1,133
0,15,134
0,50,134
0,3,134
0,16,134
1,30,134
1,19,134
0,14,134
1,23,134
0,40,134
1,46,134
1,38,135
0,45,135
0,42,135
0,24,135
1,44,135
0,2,135
1,8,135
1,40,135
0,1,135
1,43,135
1,23,136
1,4,136
0,34,136
0,1,136
0,52,136
1,7,136
1,22,136
0,9,136
0,26,136
1,9,136
1,18,137
1,35,137
1,13,137
0,19,137
1,40,137
1,4,137
1,32,137
1,44,137
0,21,137
1,4,137
1,23,138
1,54,138
1,9,138
1,25,138
0,45,138
1,2,138
1,40,138
0,5,138
0,16,138
0,38,138
0,36,139
1,45,139
1,26,139
0,13,139
1,22,139
0,2,139
1,12,139
0,20,139
0,15,139
0,36,139
1,2,140
1,47,140
1,48,140
0,10,140
1,12,140
0,53,140
0,11,140
0,6,140
1,52,140
1,24,140
0,15,141
0,51,141
1,8,141
0,12,141
0,46,141
1,13,141
1,26,141
0,48,141
0,40,141
1,19,141
0,11,142
0,44,142
1,23,142
1,25,142
1,2,142
1,12,142
1,15,142
1,30,142
1,52,142
0,19,142
0,34,143
0,40,143
0,39,143
0,15,143
0,10,143
0,28,143
0,48,143
1,53,143
0,20,143
1,41,143
1,10,144
1,35,144
0,27,144
0,28,144
0,4,144
0,26,144
0,2,144
0,33,144
1,30,144
0,2,144
1,12,145
1,44,145
0,38,145
0,28,145
1,10,145
1,32,145
1,9,145
0,22,145
0,26,145
0,26,145
0,44,146
0,3,146
0,37,146
0,15,146
1,32,146
1,41,146
0,20,146
1,38,146
0,22,146
0,32,146
1,23,147
0,43,147
1,44,147
1,46,147
1,29,147
0,28,147
0,54,147
1,18,147
0,12,147
0,34,147
0,8,148
1,9,148
0,35,148
1,49,148
0,39,148
0,28,148
0,32,148
0,24,148
1,5,148
0,26,148
1,29,149
1,27,149
1,10,149
1,4,149
0,50,149
1,34,149
0,3,149
1,6,149
0,16,149
0,28,149
0,18,150
0,3,150
1,49,150
0,16,150
0,48,150
1,29,150
0,52,150
0,8,150
0,19,150
0,3,150
0,12,151
1,39,151
1,30,151
0,45,151
1,17,151
1,44,151
0,41,151
0,35,151
1,6,151
1,44,151
1,46,152
1,11,152
1,30,152
1,39,152
0,27,152
1,2,152
0,14,152
1,28,152
1,34,152
1,23,152
1,26,153
0,11,153
0,8,153
0,28,153
1,52,153
1,25,153
0,38,153
0,21,153
0,39,153
0,9,153
0,25,154
1,42,154
0,15,154
1,31,154
1,1,154
1,29,154
0,17,154
0,39,154
0,13,154
0,44,154
1,35,155
0,42,155
1,15,155
0,38,155
0,3,155
0,24,155
0,12,155
1,32,155
1,37,155
0,20,155
0,5,156
0,32,156
0,48,156
0,53,156
0,25,156
1,50,156
1,45,156
1,38,156
0,35,156
0,41,156
1,4,157
0,50,157
0,2,157
1,16,157
0,12,157
0,22,157
0,1,157
0,19,157
0,27,157
1,17,157
0,3,158
0,14,158
1,36,158
0,30,158
0,26,158
0,45,158
1,32,158
1,5,158
0,1,158
0,28,158
0,10,159
1,27,159
0,31,159
1,36,159
1,8,159
0,26,159
0,14,159
0,40,159
0,1,159
1,5,159
1,19,160
0,42,160
0,24,160
1,43,160
1,48,160
0,46,160
0,31,160
1,34,160
0,14,160
0,50,160
0,29,161
0,2,161
0,53,161
0,22,161
0,32,161
1,25,161
0,45,161
1,20,161
1,31,161
1,24,161
1,16,162
1,52,162
1,13,162
1,14,162
0,6,162
1,35,162
0,2,162
0,38,162
1,19,162
1,34,162
0,54,163
1,26,163
0,19,163
0,12,163
0,20,163
1,4,163
1,37,163
0,16,163
0,31,163
1,38,163
1,50,164
1,46,164
0,45,164
1,7,164
0,48,164
1,24,164
1,51,164
1,10,164
0,34,164
0,12,164
1,42,165
0,6,165
1,54,165
0,14,165
0,31,165
0,32,165
0,51,165
0,5,165
0,19,165
0,27,165
0,15,166
0,4,166
1,39,166
1,21,166
0,13,166
1,22,166
1,40,166
1,12,166
1,35,166
0,46,166
0,40,167
0,50,167
0,4,167
1,11,167
0,54,167
1,35,167
0,8,167
1,12,167
1,42,167
1,17,167
1,7,168
1,35,168
0,6,168
1,32,168
0,48,168
0,43,168
0,13,168
0,53,168
1,20,168
1,36,168
0,24,169
1,43,169
1,19,169
0,20,169
0,7,169
1,28,169
0,12,169
1,54,169
0,4,169
1,48,169
1,24,170
1,17,170
0,29,170
1,49,170
0,25,170
0,50,170
1,10,170
1,27,170
0,34,170
0,39,170
0,52,171
1,24,171
0,21,171
1,54,171
0,35,171
1,45,171
0,44,171
1,22,171
0,43,171
1,7,171
1,20,172
0,25,172
1,41,172
0,14,172
1,1,172
0,47,172
1,43,172
0,9,172
1,54,172
1,41,172
0,51,173
1,8,173
0,54,173
0,39,173
0,26,173
0,7,173
1,10,173
1,43,173
1,13,173
0,28,173
0,51,174
1,12,174
1,6,174
1,4,174
0,29,174
1,1,174
0,20,174
0,11,174
0,54,174
0,44,174
1,52,175
1,13,175
0,12,175
0,53,175
1,18,175
0,28,175
1,46,175
1,48,175
0,42,175
1,41,175
0,35,176
0,28,176
0,4,176
1,33,176
1,17,176
0,25,176
0,38,176
0,9,176
1,48,176
1,15,176
1,37,177
0,50,177
0,13,177
0,54,177
1,49,177
0,14,177
1,29,177
1,39,177
0,12,177
1,18,177
0,23,178
0,39,178
1,19,178
1,28,178
1,42,178
1,40,178
1,45,178
1,5,178
1,26,178
0,13,178
0,17,179
0,31,179
0,8,179
1,37,179
1,49,179
0,26,179
1,50,179
1,9,179
0,3,179
0,25,179
0,41,180
1,50,180
0,29,180
0,24,180
0,48,180
1,53,180
1,13,180
1,11,180
0,5,180
1,33,180
1,25,181
0,49,181
1,16,181
1,43,181
0,8,181
1,2,181
0,9,181
0,1,181
0,23,181
1,29,181
1,51,182
1,23,182
1,5,182
0,41,182
1,27,182
0,45,182
1,40,182
0,42,182
1,38,182
1,15,182
1,48,183
0,30,183
1,40,183
0,20,183
0,51,183
1,49,183
1,10,183
1,26,183
0,33,183
1,22,183
1,30,184
1,34,184
0,41,184
1,38,184
1,52,184
0,53,184
0,19,184
1,23,184
1,47,184
0,45,184
1,12,185
1,6,185
1,13,185
0,44,185
0,35,185
0,47,185
1,24,185
0,19,185
1,27,185
0,19,185
1,2,186
1,26,186
0,41,186
1,11,186
0,32,186
0,21,186
1,43,186
0,9,186
1,12,186
1,9,186
1,5,187
0,51,187
0,4,187
1,25,187
1,35,187
1,33,187
0,27,187
1,13,187
0,37,187
0,50,187
1,30,188
1,48,188
0,1,188
0,20,188
0,49,188
0,47,188
0,25,188
1,32,188
0,4,188
1,21,188
1,16,189
1,33,189
0,11,189
0,23,189
1,25,189
0,4,189
1,40,189
1,42,189
0,48,189
1,53,189
1,13,190
0,4,190
0,7,190
1,30,190
0,48,190
1,5,190
0,2,190
0,10,190
0,28,190
1,34,190
1,16,191
1,39,191
0,47,191
1,48,191
0,50,191
1,1,191
1,22,191
0,30,191
1,53,191
0,43,191
0,49,192
0,34,192
0,11,192
1,33,192
0,40,192
0,24,192
0,7,192
0,1,192
1,42,192
0,10,192
0,42,193
1,17,193
0,37,193
1,11,193
0,36,193
0,38,193
1,15,193
0,32,193
0,51,193
0,42,193
1,17,194
0,22,194
1,7,194
0,31,194
0,10,194
1,54,194
1,48,194
1,46,194
0,41,194
1,15,194
1,32,195
1,18,195
0,51,195
1,1,195
1,7,195
0,28,195
0,10,195
1,54,195
1,4,195
0,14,195
1,27,196
1,35,196
0,18,196
0,23,196
0,42,196
0,49,196
1,33,196
0,28,196
1,40,196
0,54,196
0,20,197
0,7,197
1,11,197
0,52,197
1,45,197
0,48,197
0,51,197
1,43,197
1,12,197
0,37,197
0,51,198
1,53,198
1,40,198
1,3,198
1,30,198
1,19,198
1,1,198
0,27,198
1,16,198
0,17,198
1,27,199
1,14,199
0,54,199
0,10,199
0,46,199
1,6,199
0,52,199
1,34,199
1,24,199
0,29,199
1,5,200
1,2,200
0,50,200
0,45,200
0,4,200
1,21,200
1,33,200
0,18,200
0,28,200
0,26,200
1,29,201
1,46,201
0,35,201
0,14,201
0,23,201
0,38,201
1,6,201
0,1,201
0,34,201
1,39,201
0,5,202
0,26,202
1,8,202
1,25,202
1,28,202
0,11,202
0,35,202
1,43,202
0,13,202
0,16,202
0,26,203
1,19,203
0,51,203
1,54,203
1,50,203
0,40,203
0,23,203
0,10,203
1,37,203
1,42,203
0,47,204
1,10,204
1,5,204
1,15,204
0,4,204
0,7,204
1,32,204
1,17,204
0,26,204
0,51,204
0,7,205
1,14,205
1,25,205
0,50,205
0,3,205
0,33,205
0,13,205
0,20,205
1,50,205
1,49,205
1,24,206
0,44,206
0,8,206
0,7,206
1,36,206
1,34,206
0,1,206
1,21,206
0,5,206
1,11,206
0,49,207
1,26,207
1,34,207
0,15,207
0,53,207
0,36,207
0,54,207
1,44,207
0,46,207
1,39,207
1,21,208
0,33,208
1,42,208
0,6,208
1,52,208
0,29,208
0,19,208
0,44,208
0,48,208
0,41,208
0,32,209
1,11,209
1,7,209
1,17,209
0,50,209
0,25,209
0,6,209
0,1,209
0,9,209
1,34,209
1,16,210
0,46,210
0,41,210
0,17,210
1,2,210
0,1,210
1,18,210
0,3,210
0,25,210
0,14,210
0,32,211
1,6,211
1,3,211
1,4,211
0,16,211
1,54,211
0,40,211
1,36,211
0,8,211
1,40,211
0,7,212
0,22,212
0,54,212
1,21,212
0,33,212
1,10,212
0,18,212
1,29,212
0,6,212
0,19,212
1,44,213
1,28,213
1,18,213
0,54,213
0,36,213
1,11,213
1,22,213
1,33,213
0,33,213
1,10,213
1,54,214
0,36,214
1,20,214
0,22,214
1,4,214
1,1,214
0,2,214
1,38,214
1,52,214
0,35,214
0,50,215
0,18,215
0,4,215
0,45,215
0,31,215
1,21,215
0,40,215
1,2,215
0,21,215
1,13,215
0,14,216
1,26,216
1,12,216
1,45,216
1,30,216
0,44,216
0,54,216
0,48,216
1,40,216
1,18,216
1,25,217
1,1,217
1,53,217
1,33,217
0,20,217
1,47,217
0,37,217
1,30,217
1,31,217
1,15,217
0,2,218
1,44,218
0,43,218
0,40,218
0,53,218
1,16,218
1,24,218
0,34,218
0,38,218
0,32,218
1,44,219
0,13,219
1,31,219
0,48,219
1,45,219
1,6,219
1,50,219
0,14,219
1,16,219
0,24,219
1,15,220
1,10,220
0,34,220
1,28,220
1,12,220
0,41,220
0,50,220
0,20,220
0,33,220
1,13,220
0,4,221
0,26,221
0,6,221
0,47,221
0,51,221
1,8,221
1,52,221
0,39,221
0,34,221
0,8,221
1,35,222
0,13,222
1,21,222
1,36,222
1,11,222
0,41,222
0,38,222
0,26,222
1,30,222
0,13,222
0,50,223
0,37,223
0,44,223
1,41,223
1,9,223
1,35,223
1,23,223
1,47,223
0,23,223
0,42,223
1,32,224
1,15,224
0,46,224
1,53,224
0,37,224
1,3,224
0,2,224
0,45,224
1,43,224
0,50,224
0,48,225
1,10,225
0,40,225
1,41,225
1,30,225
0,1,225
1,31,225
1,54,225
0,36,225
0,13,225
0,44,226
1,48,226
0,26,226
1,18,226
1,9,226
0,27,226
1,28,226
1,49,226
0,40,226
1,23,226
0,43,227
0,29,227
1,19,227
0,30,227
1,17,227
0,33,227
1,26,227
0,4,227
1,5,227
1,35,227
1,2,228
1,21,228
0,50,228
0,42,228
0,10,228
1,48,228
1,6,228
1,45,228
0,31,228
0,5,228
0,52,229
0,18,229
1,44,229
0,2,229
0,19,229
0,50,229
1,37,229
0,23,229
1,49,229
0,42,229
0,12,230
1,4,230
1,29,230
1,48,230
1,32,230
0,44,230
1,33,230
1,24,230
1,8,230
1,53,230
0,39,231
1,28,231
0,13,231
1,21,231
1,38,231
0,52,231
1,40,231
0,49,231
1,54,231
0,25,231
1,38,232
0,9,232
0,12,232
0,48,232
1,20,232
1,4,232
0,10,232
0,50,232
1,46,232
1,52,232
0,24,233
0,30,233
1,51,233
0,35,233
0,37,233
1,15,233
1,39,233
0,16,233
0,41,233
1,43,233
1,47,234
1,39,234
1,53,234
0,52,234
1,3,234
0,42,234
0,38,234
1,27,234
0,2,234
1,21,234
0,52,235
0,42,235
0,1,235
0,23,235
1,46,235
0,36,235
0,16,235
1,12,235
1,39,235
0,11,235
0,44,236
0,23,236
1,12,236
0,9,236
1,4,236
1,24,236
0,18,236
1,51,236
1,1,236
0,16,236
0,53,237
1,52,237
1,48,237
1,23,237
0,17,237
0,10,237
1,54,237
1,8,237
0,9,237
0,15,237
0,48,238
1,28,238
0,24,238
1,51,238
1,6,238
1,50,238
0,30,238
1,5,238
0,53,238
0,24,238
1,28,239
1,12,239
1,21,239
0,25,239
1,33,239
0,1,239
1,44,239
1,43,239
1,45,239
0,54,239
0,21,240
0,14,240
0,4,240
0,34,240
1,16,240
1,19,240
0,11,240
0,48,240
0,27,240
1,29,240
1,10,241
0,39,241
0,13,241
1,38,241
0,1,241
0,43,241
0,16,241
1,45,241
0,41,241
1,51,241
0,26,242
1,14,242
1,31,242
1,37,242
0,53,242
1,32,242
0,47,242
1,24,242
0,27,242
0,42,242
1,3,243
0,36,243
1,39,243
0,25,243
0,35,243
0,32,243
1,28,243
1,9,243
1,49,243
0,35,243
1,29,244
1,20,244
0,22,244
0,44,244
1,26,244
0,14,244
0,50,244
1,8,244
1,11,244
0,53,244
1,38,245
1,10,245
0,35,245
0,32,245
0,50,245
0,46,245
1,37,245
0,28,245
1,44,245
0,9,245
1,31,246
0,49,246
0,7,246
1,37,246
1,22,246
0,28,246
0,1,246
1,54,246
0,20,246
1,25,246
0,36,247
0,26,247
1,53,247
1,29,247
0,35,247
1,31,247
1,19,247
1,17,247
0,47,247
0,33,247
0,3,248
0,43,248
0,45,248
1,5,248
1,36,248
1,19,248
0,28,248
1,1,248
1,37,248
1,20,248
1,51,249
1,6,249
0,47,249
0,8,249
0,43,249
1,18,249
0,1,249
1,13,249
0,21,249
1,34,249
0,36,250
0,22,250
1,41,250
1,15,250
1,3,250
1,47,250
0,52,250
1,13,250
1,5,250
0,43,250
1,51,251
1,19,251
1,30,251
1,7,251
1,16,251
1,31,251
1,8,251
1,3,251
0,30,251
1,46,251
0,44,252
1,15,252
1,12,252
1,45,252
0,2,252
0,28,252
0,27,252
1,24,252
0,43,252
1,34,252
1,22,253
0,12,253
0,53,253
0,46,253
1,42,253
1,33,253
1,27,253
1,38,253
0,35,253
0,3,253
1,40,254
0,47,254
0,48,254
1,11,254
0,9,254
1,49,254
1,46,254
1,12,254
1,40,254
0,27,254
0,1,255
1,22,255
1,10,255
1,2,255
0,51,255
0,46,255
0,12,255
0,38,255
1,10,255
0,20,255
1,33,256
0,9,256
1,25,256
0,17,256
0,54,256
1,46,256
0,3,256
1,21,256
0,1,256
1,24,256
1,50,257
1,9,257
0,13,257
1,23,257
0,8,257
1,32,257
0,20,257
1,11,257
1,31,257
0,53,257
1,10,258
0,36,258
0,18,258
1,9,258
1,52,258
0,51,258
1,46,258
0,34,258
1,12,258
1,3,258
0,9,259
0,49,259
0,23,259
1,6,259
1,30,259
0,16,259
0,27,259
0,45,259
0,6,259
1,1,259
1,16,260
1,51,260
1,34,260
1,29,260
1,8,260
0,47,260
1,14,260
0,3,260
0,40,260
1,51,260
0,42,261
0,1,261
1,30,261
0,34,261
0,16,261
0,3,261
1,22,261
0,23,261
1,20,261
0,11,261
0,2,262
0,45,262
1,22,262
1,36,262
1,44,262
1,26,262
0,14,262
0,9,262
1,29,262
0,50,262
0,42,263
1,38,263
1,34,263
0,10,263
0,53,263
0,19,263
0,17,263
0,51,263
0,20,263
1,8,263
0,14,264
1,2,264
1,27,264
0,17,264
0,15,264
0,25,264
0,44,264
1,48,264
1,4,264
0,29,264
1,2,265
0,15,265
0,35,265
1,30,265
0,1,265
0,20,265
0,16,265
1,34,265
1,34,265
0,54,265
1,20,266
0,14,266
1,32,266
0,8,266
1,15,266
1,11,266
0,12,266
0,52,266
0,20,266
1,53,266
0,17,267
0,5,267
0,19,267
1,7,267
0,18,267
0,37,267
0,40,267
1,12,267
1,12,267
0,20,267
1,26,268
1,24,268
0,41,268
0,25,268
1,34,268
1,54,268
1,39,268
0,40,268
1,24,268
1,17,268
1,19,269
0,54,269
1,14,269
1,9,269
0,25,269
1,6,269
0,48,269
1,38,269
1,4,269
0,35,269
0,8,270
0,24,270
1,41,270
0,52,270
0,19,270
1,26,270
1,43,270
0,54,270
1,29,270
0,52,270
0,47,271
1,25,271
1,1,271
0,38,271
1,15,271
0,31,271
1,18,271
0,44,271
1,39,271
0,33,271
0,31,272
0,18,272
1,38,272
1,24,272
1,15,272
0,4,272
1,46,272
1,9,272
1,13,272
1,51,272
0,41,273
1,8,273
0,44,273
1,25,273
0,15,273
1,28,273
0,16,273
0,7,273
0,5,273
1,38,273
0,16,274
1,21,274
1,36,274
0,3,274
1,22,274
0,32,274
1,7,274
0,44,274
1,10,274
1,34,274
0,31,275
0,49,275
1,3,275
1,44,275
0,43,275
1,5,275
0,30,275
1,9,275
1,44,275
0,46,275
1,6,276
0,5,276
1,1,276
1,12,276
1,35,276
1,36,276
0,51,276
0,9,276
0,31,276
1,17,276
0,14,277
0,18,277
1,32,277
0,13,277
0,21,277
0,41,277
1,9,277
0,1,277
1,11,277
0,32,277
0,44,278
1,47,278
0,24,278
1,19,278
1,42,278
1,6,278
1,38,278
1,23,278
0,47,278
1,31,278
0,10,279
0,44,279
1,38,279
0,4,279
0,19,279
0,41,279
0,46,279
1,42,279
1,31,279
1,49,279
1,42,280
0,43,280
1,17,280
1,29,280
0,51,280
1,38,280
1,19,280
1,11,280
0,15,280
1,21,280
0,16,281
1,22,281
1,6,281
0,48,281
1,18,281
1,28,281
0,43,281
1,40,281
0,48,281
0,1,281
1,4,282
1,3,282
0,11,282
0,12,282
0,13,282
1,39,282
1,35,282
1,14,282
1,30,282
0,27,282
0,42,283
1,50,283
1,23,283
1,43,283
1,12,283
1,34,283
0,38,283
1,15,283
0,34,283
1,45,283
1,27,284
0,26,284
1,50,284
0,4,284
0,48,284
1,52,284
0,38,284
0,41,284
0,28,284
0,24,284
1,29,285
1,51,285
0,22,285
1,14,285
1,54,285
1,8,285
1,9,285
1,27,285
0,11,285
0,53,285
1,37,286
0,44,286
0,13,286
1,25,286
1,20,286
1,28,286
1,5,286
1,6,286
0,33,286
1,53,286
0,7,287
0,23,287
0,10,287
0,13,287
0,12,287
0,25,287
1,43,287
1,46,287
1,49,287
0,54,287
0,51,288
0,2,288
0,39,288
1,31,288
0,43,288
1,14,288
0,12,288
1,47,288
0,33,288
1,7,288
0,50,289
1,48,289
0,31,289
0,44,289
0,46,289
1,2,289
0,52,289
0,54,289
0,50,289
0,54,289
0,45,290
0,25,290
1,19,290
1,32,290
1,4,290
0,5,290
0,17,290
1,52,290
1,7,290
1,21,290
0,6,291
0,8,291
1,37,291
1,15,291
1,17,291
1,23,291
0,38,291
1,47,291
1,46,291
1,40,291
1,45,292
0,39,292
0,31,292
1,25,292
0,4,292
0,24,292
1,7,292
0,53,292
1,14,292
0,53,292
1,4,293
1,43,293
1,11,293
0,51,293
1,46,293
1,19,293
1,47,293
1,31,293
1,3,293
0,43,293
1,18,294
0,14,294
0,8,294
1,30,294
1,33,294
0,32,294
0,11,294
1,38,294
0,16,294
1,29,294
1,54,295
0,48,295
0,1,295
0,11,295
1,22,295
1,32,295
1,5,295
1,10,295
0,13,295
1,37,295
1,38,296
1,34,296
0,18,296
1,5,296
0,44,296
1,41,296
1,16,296
0,17,296
0,42,296
1,5,296
0,15,297
1,25,297
0,35,297
0,14,297
0,44,297
0,23,297
1,41,297
0,45,297
0,6,297
1,19,297
0,44,298
1,22,298
0,10,298
1,18,298
1,5,298
1,53,298
0,1,298
1,50,298
1,23,298
1,19,298
1,20,299
0,15,299
0,38,299
0,8,299
0,48,299
0,12,299
1,2,299
1,44,299
1,10,299
1,54,299
0,19,300
0,42,300
0,6,300
1,23,300
1,4,300
0,17,300
0,43,300
0,39,300
1,34,300
0,53,300
0,24,301
1,2,301
1,48,301
0,42,301
1,31,301
1,23,301
1,13,301
0,13,301
0,45,301
1,54,301
0,24,302
0,25,302
0,43,302
1,21,302
0,7,302
1,33,302
0,2,302
0,7,302
1,18,302
0,3,302
1,53,303
0,10,303
0,29,303
1,48,303
1,33,303
0,30,303
0,24,303
0,31,303
0,52,303
0,18,303
0,6,304
0,25,304
1,24,304
1,34,304
0,28,304
0,43,304
1,15,304
0,50,304
0,20,304
1,27,304
0,34,305
1,35,305
1,46,305
0,15,305
0,7,305
1,22,305
0,1,305
0,46,305
0,6,305
0,5,305
0,50,306
1,36,306
1,45,306
0,32,306
0,20,306
1,10,306
0,18,306
0,30,306
0,36,306
1,23,306
1,53,307
0,21,307
0,27,307
0,13,307
1,49,307
0,47,307
1,17,307
0,32,307
1,48,307
0,27,307
0,17,308
1,39,308
0,37,308
0,33,308
0,10,308
0,18,308
0,25,308
0,8,308
1,19,308
0,26,308
1,28,309
0,7,309
1,32,309
1,17,309
1,14,309
1,13,309
1,54,309
0,11,309
1,41,309
0,25,309
1,39,310
0,4,310
1,20,310
1,14,310
1,13,310
0,3,310
0,19,310
0,5,310
1,3,310
1,49,310
0,38,311
0,48,311
0,29,311
1,22,311
1,10,311
0,30,311
0,13,311
1,7,311
0,19,311
1,33,311
1,9,312
1,1,312
1,18,312
1,14,312
0,10,312
0,48,312
0,36,312
0,22,312
0,44,312
0,3,312
1,11,313
0,35,313
1,19,313
0,32,313
1,6,313
0,31,313
1,46,313
1,30,313
1,38,313
1,12,313
1,15,314
0,27,314
0,44,314
0,8,314
1,48,314
1,25,314
0,53,314
1,35,314
0,44,314
1,42,314
0,54,315
0,3,315
0,47,315
0,20,315
1,39,315
1,48,315
1,52,315
1,28,315
1,6,315
0,1,315
0,15,316
0,4,316
1,12,316
1,38,316
1,18,316
0,25,316
0,51,316
1,12,316
1,43,316
0,24,316
0,2,317
1,16,317
0,13,317
1,35,317
1,29,317
1,5,317
0,31,317
0,29,317
1,54,317
0,8,317
0,46,318
0,33,318
0,42,318
0,43,318
0,45,318
0,41,318
0,24,318
0,4,318
1,37,318
1,36,318
1,41,319
1,51,319
1,1,319
1,52,319
0,25,319
0,46,319
0,47,319
0,34,319
0,38,319
0,46,319
1,14,320
0,28,320
0,31,320
1,25,320
1,41,320
0,32,320
1,36,320
1,29,320
1,1,320
1,14,320
1,34,321
1,44,321
1,4,321
0,11,321
1,41,321
0,13,321
0,48,321
0,41,321
1,20,321
1,37,321
1,32,322
0,27,322
1,28,322
1,39,322
0,42,322
0,1,322
0,43,322
0,5,322
1,50,322
0,17,322
0,9,323
1,52,323
1,44,323
0,22,323
1,34,323
1,29,323
0,2,323
1,2,323
0,4,323
1,22,323
1,34,324
1,53,324
1,9,324
1,29,324
0,40,324
0,5,324
1,25,324
1,34,324
1,27,324
1,13,324
0,38,325
0,39,325
1,47,325
0,51,325
1,37,325
1,21,325
0,25,325
0,10,325
0,6,325
0,37,325
1,7,326
1,25,326
1,2,326
0,15,326
1,52,326
0,46,326
1,35,326
1,8,326
0,42,326
0,24,326
0,12,327
1,19,327
1,23,327
1,10,327
1,51,327
1,22,327
1,3,327
1,13,327
1,30,327
0,6,327
0,19,328
1,12,328
0,20,328
0,52,328
0,40,328
1,38,328
1,46,328
0,2,328
0,13,328
0,44,328
0,40,329
0,10,329
1,51,329
1,19,329
1,30,329
0,1,329
0,18,329
0,4,329
1,14,329
0,22,329
1,29,330
0,41,330
0,5,330
1,42,330
0,36,330
1,8,330
1,54,330
0,25,330
1,5,330
0,10,330
1,32,331
1,9,331
1,39,331
1,30,331
0,45,331
1,46,331
0,2,331
1,41,331
0,33,331
0,5,331
1,2,332
0,6,332
1,36,332
1,50,332
1,30,332
0,4,332
0,23,332
0,30,332
1,24,332
1,47,332
1,1,333
1,9,333
0,18,333
0,8,333
0,49,333
1,54,333
1,46,333
1,42,333
1,7,333
0,46,333
1,21,334
0,33,334
0,28,334
1,2,334
1,27,334
0,25,334
0,45,334
1,32,334
0,25,334
1,53,334
1,23,335
0,34,335
1,36,335
0,45,335
0,24,335
0,15,335
0,44,335
1,47,335
1,17,335
0,31,335
0,40,336
0,18,336
0,42,336
1,9,336
0,22,336
1,14,336
0,50,336
1,50,336
0,18,336
1,24,336
0,45,337
1,12,337
1,40,337
1,37,337
0,15,337
0,2,337
0,26,337
1,28,337
1,2,337
1,32,337
0,1,338
0,5,338
0,40,338
1,51,338
0,43,338
1,12,338
0,4,338
1,8,338
1,41,338
0,9,338
1,10,339
1,1,339
1,51,339
1,54,339
1,18,339
1,47,339
1,31,339
0,4,339
0,8,339
0,24,339
1,36,340
0,51,340
1,29,340
0,34,340
1,50,340
0,13,340
0,37,340
1,34,340
0,50,340
1,23,340
1,24,341
1,14,341
1,32,341
1,44,341
1,37,341
1,39,341
1,51,341
1,54,341
0,22,341
1,2,341
1,31,342
0,29,342
0,1,342
1,14,342
0,44,342
1,38,342
1,16,342
0,5,342
1,25,342
1,18,342
0,15,343
0,2,343
0,20,343
0,33,343
1,36,343
1,16,343
1,51,343
1,4,343
0,22,343
0,31,343
0,51,344
1,3,344
1,9,344
1,34,344
0,13,344
1,19,344
1,6,344
0,14,344
1,12,344
1,11,344
1,16,345
1,39,345
1,22,345
1,30,345
1,27,345
0,4,345
0,38,345
0,6,345
0,34,345
1,21,345
1,29,346
0,7,346
0,46,346
1,12,346
1,14,346
0,31,346
0,50,346
0,43,346
1,8,346
0,18,346
0,31,347
0,48,347
1,34,347
0,40,347
0,14,347
1,50,347
0,41,347
1,12,347
0,22,347
0,16,347
1,46,348
1,40,348
0,2,348
1,30,348
0,20,348
1,35,348
1,6,348
1,6,348
1,25,348
1,27,348
1,30,349
1,31,349
1,46,349
0,28,349
1,13,349
1,20,349
1,33,349
1,26,349
1,3,349
0,18,349
1,34,350
0,2,350
0,27,350
0,23,350
0,38,350
1,7,350
0,11,350
1,9,350
0,1,350
0,26,350
0,33,351
1,19,351
1,49,351
0,48,351
1,47,351
1,32,351
0,8,351
1,3,351
1,29,351
1,43,351
1,32,352
1,30,352
0,52,352
1,22,352
1,33,352
1,6,352
1,21,352
1,35,352
0,39,352
0,14,352
0,48,353
0,19,353
1,5,353
1,15,353
1,9,353
1,21,353
0,16,353
1,31,353
0,26,353
1,19,353
0,20,354
1,32,354
1,52,354
1,54,354
1,45,354
1,13,354
0,24,354
0,40,354
1,3,354
1,39,354
1,31,355
1,34,355
0,22,355
0,28,355
1,5,355
0,27,355
0,26,355
0,5,355
0,21,355
0,29,355
0,11,356
0,27,356
1,36,356
0,16,356
1,28,356
0,23,356
0,8,356
1,35,356
1,27,356
0,50,356
1,1,357
0,33,357
1,4,357
0,5,357
1,28,357
0,32,357
0,10,357
0,42,357
0,8,357
1,51,357
0,32,358
1,2,358
1,43,358
0,14,358
0,22,358
1,1,358
0,40,358
0,13,358
0,49,358
0,14,358
1,11,359
1,28,359
0,48,359
0,17,359
0,41,359
1,38,359
0,9,359
0,46,359
0,22,359
0,20,359
1,14,360
0,52,360
1,29,360
1,5,360
1,10,360
1,53,360
1,8,360
1,23,360
1,21,360
0,9,360
1,12,361
1,3,361
0,41,361
1,32,361
1,33,361
1,34,361
0,25,361
0,49,361
1,21,361
0,15,361
0,7,362
1,3,362
1,30,362
1,20,362
1,42,362
0,33,362
0,1,362
0,1,362
1,19,362
1,44,362
0,11,363
0,33,363
0,36,363
1,10,363
0,2,363
1,46,363
1,5,363
0,3,363
0,36,363
1,51,363
0,53,364
0,7,364
0,22,364
1,16,364
0,13,364
0,28,364
0,9,364
1,17,364
0,32,364
1,15,364
1,20,365
0,21,365
0,19,365
1,24,365
1,36,365
1,39,365
1,54,365
1,8,365
0,40,365
1,3,365
0,46,366
1,7,366
0,18,366
1,6,366
0,45,366
1,22,366
0,36,366
1,31,366
0,18,366
1,24,366
0,4,367
1,33,367
1,23,367
1,22,367
1,17,367
0,20,367
0,7,367
0,52,367
1,47,367
0,42,367
0,30,368
1,21,368
0,50,368
1,17,368
1,38,368
0,41,368
1,44,368
1,11,368
1,31,368
0,6,368
0,27,369
1,16,369
0,38,369
1,53,369
1,43,369
0,3,369
0,13,369
1,48,369
1,6,369
0,20,369
0,11,370
0,38,370
0,10,370
1,1,370
0,8,370
0,25,370
0,9,370
0,46,370
1,49,370
0,21,370
0,5,371
1,15,371
1,32,371
1,35,371
0,51,371
0,25,371
0,27,371
0,1,371
0,13,371
1,14,371
1,20,372
0,7,372
1,16,372
1,52,372
1,34,372
0,37,372
1,38,372
0,27,372
1,24,372
1,22,372
1,52,373
1,4,373
0,26,373
0,3,373
1,6,373
1,23,373
1,35,373
1,19,373
0,45,373
0,41,373
1,10,374
1,24,374
0,39,374
0,22,374
0,54,374
0,13,374
0,53,374
0,46,374
0,18,374
1,26,374
1,27,375
0,50,375
0,2,375
0,29,375
0,22,375
1,37,375
0,3,375
1,38,375
0,10,375
1,3,375
0,20,376
0,47,376
0,6,376
0,21,376
0,13,376
1,25,376
1,49,376
1,40,376
1,42,376
0,34,376
1,7,377
1,3,377
1,52,377
1,36,377
0,32,377
1,41,377
0,9,377
0,33,377
1,44,377
0,40,377
0,5,378
0,43,378
1,51,378
1,8,378
0,9,378
0,3,378
0,50,378
0,9,378
0,12,378
0,18,378
1,23,379
1,27,379
1,14,379
0,44,379
0,53,379
1,29,379
1,31,379
1,43,379
0,1,379
0,40,379
0,18,380
0,51,380
1,49,380
1,11,380
1,29,380
1,23,380
0,24,380
1,47,380
1,2,380
1,4,380
1,40,381
1,13,381
0,23,381
1,37,381
0,24,381
0,18,381
0,12,381
1,47,381
0,1,381
1,8,381
1,27,382
1,49,382
1,12,382
0,20,382
1,6,382
1,48,382
1,44,382
1,24,382
0,9,382
0,39,382
0,41,383
0,27,383
1,51,383
1,1,383
1,17,383
0,32,383
0,53,383
1,18,383
1,44,383
0,33,383
1,22,384
1,51,384
1,25,384
0,8,384
1,6,384
1,19,384
0,35,384
0,2,384
1,20,384
0,18,384
1,23,385
0,16,385
0,22,385
0,28,385
1,19,385
1,1,385
0,47,385
1,34,385
0,24,385
0,52,385
1,19,386
1,40,386
1,42,386
1,43,386
0,29,386
1,20,386
1,49,386
1,4,386
0,15,386
1,31,386
1,49,387
0,48,387
1,53,387
0,33,387
1,52,387
0,35,387
1,51,387
1,33,387
1,35,387
1,54,387
1,36,388
0,26,388
0,19,388
0,40,388
0,41,388
0,32,388
1,9,388
1,48,388
0,33,388
1,34,388
0,26,389
0,51,389
1,5,389
1,1,389
0,9,389
0,40,389
0,53,389
0,33,389
0,36,389
1,42,389
0,26,390
1,28,390
0,46,390
0,37,390
0,47,390
1,17,390
0,7,390
0,22,390
0,13,390
0,36,390
1,28,391
0,4,391
0,21,391
1,37,391
0,9,391
1,33,391
1,35,391
1,44,391
1,23,391
1,45,391
0,10,392
0,47,392
0,53,392
1,37,392
1,21,392
1,16,392
0,33,392
1,8,392
1,22,392
0,38,392
1,48,393
1,15,393
0,23,393
1,2,393
0,32,393
1,3,393
1,7,393
0,33,393
1,21,393
0,39,393
0,18,394
0,15,394
0,23,394
0,45,394
0,36,394
1,54,394
1,41,394
1,37,394
0,24,394
0,34,394
0,54,395
0,1,395
1,17,395
1,49,395
0,29,395
1,18,395
0,9,395
1,16,395
0,27,395
1,12,395
1,43,396
0,4,396
1,7,396
1,35,396
1,39,396
0,51,396
0,2,396
1,10,396
0,15,396
1,51,396
0,27,397
1,1,397
0,7,397
0,43,397
0,21,397
1,26,397
0,5,397
1,40,397
0,33,397
1,20,397
1,4,398
0,16,398
1,17,398
1,1,398
1,5,398
1,18,398
0,10,398
0,48,398
1,49,398
0,43,398
0,9,399
1,33,399
0,51,399
1,50,399
1,11,399
0,8,399
1,4,399
0,51,399
1,50,399
1,32,399
0,49,400
1,11,400
0,36,400
0,22,400
0,40,400
1,20,400
0,21,400
1,24,400
1,13,400
0,50,400
0,22,401
1,49,401
1,46,401
1,27,401
0,6,401
1,33,401
1,5,401
1,22,401
0,21,401
1,31,401
0,26,402
1,49,402
0,20,402
0,24,402
1,43,402
1,39,402
1,38,402
0,48,402
1,31,402
1,51,402
0,19,403
0,50,403
1,12,403
1,27,403
0,4,403
1,32,403
0,17,403
0,3,403
1,4,403
1,43,403
1,12,404
0,54,404
0,20,404
0,1,404
1,30,404
1,29,404
0,17,404
0,21,404
1,14,404
1,33,404
1,50,405
1,9,405
1,47,405
1,43,405
0,24,405
0,35,405
1,6,405
1,8,405
1,27,405
0,53,405
0,10,406
0,50,406
0,15,406
1,47,406
1,34,406
1,35,406
0,52,406
0,19,406
0,35,406
1,28,406
0,45,407
0,8,407
0,42,407
1,21,407
1,37,407
0,18,407
1,19,407
0,17,407
1,11,407
1,16,407
1,4,408
1,34,408
1,2,408
0,53,408
1,39,408
1,6,408
1,43,408
0,46,408
0,14,408
0,44,408
0,4,409
0,5,409
0,2,409
0,51,409
0,18,409
1,28,409
0,32,409
0,28,409
1,43,409
1,37,409
1,15,410
1,52,410
0,46,410
0,3,410
0,48,410
1,7,410
0,43,410
1,36,410
1,52,410
0,14,410
0,8,411
1,41,411
0,7,411
0,2,411
1,37,411
1,39,411
0,49,411
1,20,411
1,33,411
1,40,411
0,18,412
1,21,412
1,16,412
1,15,412
0,25,412
0,51,412
0,25,412
0,36,412
0,41,412
0,33,412
0,34,413
0,12,413
1,5,413
0,54,413
0,26,413
0,20,413
0,53,413
0,3,413
0,44,413
0,33,413
0,39,414
0,22,414
1,50,414
0,16,414
0,10,414
1,24,414
1,13,414
1,21,414
0,1,414
0,23,414
1,38,415
0,36,415
1,29,415
1,51,415
0,6,415
0,7,415
1,19,415
0,51,415
0,7,415
0,53,415
0,46,416
0,12,416
1,18,416
0,45,416
0,11,416
0,6,416
1,42,416
0,35,416
1,3,416
0,28,416
1,2,417
1,43,417
0,46,417
0,8,417
0,36,417
0,10,417
1,28,417
0,50,417
0,14,417
0,49,417
0,10,418
1,1,418
1,54,418
0,43,418
1,17,418
0,36,418
0,52,418
1,47,418
1,48,418
0,29,418
0,53,419
0,8,419
1,54,419
1,26,419
0,35,419
0,31,419
0,7,419
1,10,419
0,2,419
0,40,419
0,47,420
0,14,420
1,39,420
0,20,420
0,23,420
0,21,420
0,42,420
0,51,420
1,4,420
1,19,420
1,23,421
0,14,421
0,25,421
1,47,421
0,29,421
1,52,421
1,30,421
0,44,421
0,11,421
0,43,421
0,37,422
0,33,422
1,42,422
0,41,422
1,2,422
0,16,422
1,3,422
0,8,422
1,35,422
1,21,422
0,46,423
1,43,423
0,31,423
1,14,423
1,15,423
1,10,423
1,4,423
1,45,423
1,5,423
1,30,423
1,28,424
1,35,424
1,26,424
0,20,424
0,18,424
0,8,424
1,43,424
1,41,424
0,26,424
1,27,424
1,45,425
1,16,425
1,3,425
1,31,425
0,38,425
0,33,425
1,34,425
0,1,425
0,47,425
1,8,425
0,25,426
0,41,426
0,24,426
1,28,426
1,39,426
0,10,426
0,42,426
1,11,426
0,32,426
1,52,426
1,50,427
1,30,427
1,24,427
1,54,427
1,18,427
0,1,427
1,10,427
0,20,427
1,34,427
0,54,427
0,37,428
1,24,428
1,5,428
1,46,428
0,9,428
1,15,428
0,49,428
1,3,428
1,31,428
1,16,428
1,47,429
1,51,429
0,13,429
1,52,429
1,14,429
0,43,429
0,7,429
0,30,429
1,53,429
0,38,429
1,10,430
0,13,430
0,23,430
0,1,430
0,6,430
1,11,430
1,26,430
0,54,430
0,20,430
1,46,430
1,43,431
1,41,431
0,1,431
0,36,431
0,12,431
0,40,431
0,10,431
0,31,431
0,46,431
0,7,431
1,42,432
1,17,432
0,48,432
0,19,432
1,11,432
1,37,432
0,3,432
1,11,432
0,18,432
0,23,432
0,33,433
1,1,433
0,32,433
0,28,433
0,9,433
1,24,433
1,16,433
0,32,433
0,15,433
1,51,433
0,28,434
0,14,434
0,10,434
1,43,434
0,24,434
0,49,434
1,17,434
0,50,434
0,49,434
1,37,434
0,7,435
1,22,435
0,38,435
0,40,435
0,13,435
1,32,435
1,15,435
1,25,435
0,2,435
1,31,435
1,43,436
0,41,436
0,36,436
1,7,436
1,20,436
1,26,436
0,34,436
1,49,436
1,1,436
0,45,436
0,11,437
0,36,437
0,5,437
1,48,437
1,22,437
0,47,437
0,10,437
1,26,437
0,30,437
1,43,437
1,11,438
1,31,438
0,17,438
0,3,438
0,5,438
0,19,438
0,18,438
0,13,438
1,41,438
0,5,438
0,48,439
1,12,439
1,32,439
1,38,439
0,19,439
1,16,439
0,53,439
0,30,439
1,13,439
0,3,439
0,47,440
0,49,440
0,15,440
0,40,440
1,37,440
1,39,440
1,5,440
0,50,440
0,38,440
1,32,440
0,54,441
1,51,441
1,37,441
0,28,441
0,30,441
1,15,441
0,25,441
0,31,441
1,34,441
0,1,441
0,36,442
1,8,442
1,49,442
0,22,442
0,48,442
1,51,442
0,37,442
1,46,442
0,30,442
1,29,442
1,13,443
1,54,443
1,16,443
1,3,443
1,10,443
1,25,443
0,45,443
1,20,443
1,16,443
1,42,443
1,48,444
1,12,444
1,2,444
1,23,444
1,13,444
0,3,444
1,22,444
1,24,444
0,32,444
1,4,444
1,44,445
1,33,445
1,7,445
0,25,445
1,42,445
0,1,445
1,13,445
0,29,445
0,16,445
1,36,445
0,37,446
0,10,446
1,50,446
0,45,446
1,25,446
0,46,446
1,39,446
1,52,446
1,8,446
0,14,446
1,47,447
0,37,447
1,26,447
0,12,447
1,15,447
0,17,447
1,43,447
0,18,447
0,49,447
0,44,447
1,10,448
1,35,448
1,6,448
1,41,448
1,53,448
0,2,448
0,43,448
1,50,448
1,14,448
1,3,448
0,25,449
0,7,449
1,32,449
1,48,449
0,42,449
1,30,449
1,2,449
1,52,449
0,53,449
1,24,449
1,11,450
0,19,450
0,47,450
0,3,450
1,33,450
0,50,450
0,26,450
1,9,450
1,27,450
1,37,450
1,42,451
0,50,451
1,43,451
1,1,451
1,18,451
0,4,451
1,25,451
0,30,451
0,28,451
1,7,451
0,5,452
1,26,452
0,6,452
0,44,452
1,49,452
1,53,452
0,40,452
0,18,452
0,35,452
0,14,452
0,32,453
1,28,453
1,15,453
0,47,453
0,39,453
1,53,453
1,15,453
1,48,453
1,53,453
1,43,453
1,22,454
0,52,454
1,50,454
1,42,454
1,29,454
1,21,454
0,52,454
0,39,454
1,51,454
1,50,454
0,33,455
1,45,455
1,16,455
0,42,455
1,41,455
0,36,455
1,42,455
0,48,455
0,16,455
0,8,455
0,19,456
0,6,456
0,37,456
1,53,456
0,54,456
0,35,456
1,37,456
0,1,456
1,14,456
1,16,456
1,24,457
0,13,457
1,22,457
0,18,457
0,15,457
0,17,457
0,27,457
1,4,457
0,8,457
0,32,457
1,50,458
1,49,458
1,39,458
0,19,458
1,3,458
0,35,458
1,15,458
0,33,458
1,48,458
1,44,458
1,42,459
0,30,459
0,36,459
0,24,459
1,16,459
0,23,459
0,36,459
0,33,459
0,29,459
1,31,459
1,5,460
1,20,460
1,53,460
0,8,460
0,54,460
0,50,460
1,46,460
1,1,460
1,41,460
0,26,460
1,54,461
1,24,461
0,15,461
1,23,461
0,14,461
1,36,461
0,37,461
0,40,461
0,29,461
0,2,461
1,26,462
0,47,462
0,42,462
0,50,462
0,10,462
1,25,462
1,8,462
1,50,462
0,48,462
0,28,462
1,20,463
1,37,463
0,49,463
0,44,463
0,21,463
1,16,463
1,24,463
1,31,463
1,42,463
0,30,463
0,23,464
1,10,464
0,2,464
0,20,464
1,41,464
0,33,464
0,32,464
1,5,464
1,50,464
1,21,464
0,43,465
0,38,465
1,19,465
1,31,465
1,51,465
0,18,465
1,34,465
1,17,465
0,19,465
0,9,465
0,50,466
0,53,466
0,24,466
1,2,466
1,35,466
1,49,466
0,41,466
1,17,466
1,20,466
1,26,466
0,44,467
0,22,467
1,21,467
0,3,467
1,13,467
0,45,467
1,27,467
1,34,467
1,24,467
0,6,467
1,45,468
1,54,468
0,38,468
0,22,468
1,32,468
0,40,468
0,8,468
1,35,468
0,45,468
1,20,468
1,34,469
0,11,469
0,46,469
1,5,469
0,6,469
0,28,469
0,25,469
0,36,469
1,3,469
1,49,469
1,9,470
1,1,470
0,53,470
0,54,470
0,51,470
1,10,470
0,2,470
1,29,470
0,15,470
1,8,470
0,3,471
0,17,471
0,30,471
1,5,471
1,9,471
1,6,471
1,34,471
0,29,471
0,7,471
0,15,471
1,44,472
0,41,472
1,42,472
0,43,472
1,23,472
1,4,472
0,42,472
1,49,472
0,46,472
1,52,472
1,4,473
0,38,473
1,50,473
0,35,473
0,54,473
1,32,473
0,12,473
0,2,473
1,23,473
0,15,473
0,33,474
0,36,474
0,11,474
1,28,474
0,10,474
1,40,474
1,28,474
1,11,474
0,23,474
1,17,474
1,9,475
0,5,475
0,32,475
0,6,475
0,15,475
0,21,475
0,39,475
0,23,475
0,24,475
0,34,475
0,26,476
0,45,476
0,12,476
1,8,476
1,46,476
1,30,476
0,5,476
0,1,476
1,28,476
1,35,476
0,6,477
0,13,477
1,29,477
1,52,477
0,10,477
0,33,477
0,14,477
0,15,477
1,40,477
1,38,477
1,9,478
1,54,478
1,30,478
0,32,478
1,34,478
0,48,478
1,20,478
0,3,478
0,6,478
0,48,478
1,21,479
1,27,479
0,15,479
0,32,479
0,38,479
1,17,479
1,34,479
0,31,479
0,48,479
1,19,479
0,17,480
0,30,480
0,9,480
0,7,480
1,54,480
1,12,480
1,7,480
1,53,480
1,46,480
0,23,480
0,24,481
0,54,481
0,32,481
1,51,481
1,10,481
1,9,481
0,5,481
1,37,481
0,17,481
1,40,481
1,18,482
1,46,482
1,32,482
1,28,482
1,25,482
0,33,482
0,37,482
0,22,482
0,41,482
1,15,482
0,25,483
1,50,483
1,11,483
1,16,483
0,32,483
1,9,483
0,53,483
1,23,483
0,18,483
1,47,483
0,35,484
1,44,484
0,12,484
0,10,484
1,13,484
1,4,484
1,25,484
1,49,484
1,18,484
1,3,484
0,30,485
1,38,485
1,45,485
0,13,485
1,37,485
1,48,485
0,25,485
1,6,485
1,38,485
1,18,485
0,2,486
1,14,486
0,19,486
1,12,486
0,46,486
0,44,486
1,2,486
1,44,486
0,27,486
1,34,486
1,40,487
1,8,487
0,54,487
0,6,487
0,18,487
0,28,487
0,44,487
0,14,487
0,42,487
1,21,487
0,6,488
1,8,488
1,16,488
0,24,488
1,4,488
1,15,488
1,6,488
0,31,488
1,4,488
1,48,488
0,8,489
0,23,489
1,54,489
1,3,489
0,17,489
1,26,489
1,40,489
0,37,489
1,15,489
0,38,489
1,46,490
1,42,490
1,18,490
0,16,490
1,43,490
1,53,490
1,23,490
1,16,490
1,5,490
1,50,490
1,19,491
0,43,491
1,40,491
0,21,491
1,45,491
1,6,491
0,26,491
1,35,491
0,52,491
1,31,491
1,53,492
0,21,492
1,39,492
0,41,492
1,33,492
1,32,492
1,53,492
1,5,492
0,12,492
0,2,492
0,42,493
1,27,493
0,15,493
0,13,493
0,37,493
1,47,493
0,11,493
1,27,493
0,15,493
1,5,493
0,50,494
1,9,494
0,36,494
0,37,494
0,33,494
0,20,494
0,43,494
1,38,494
1,25,494
1,11,494
0,51,495
1,2,495
1,39,495
1,42,495
0,40,495
1,24,495
0,10,495
0,8,495
1,52,495
0,15,495
0,36,496
0,29,496
0,50,496
0,13,496
1,20,496
0,1,496
0,48,496
0,15,496
0,25,496
1,32,496
1,11,497
1,17,497
0,7,497
1,29,497
0,8,497
1,24,497
0,37,497
1,38,497
1,10,497
1,4,497
1,30,498
1,16,498
1,3,498
1,17,498
0,36,498
1,54,498
0,36,498
1,11,498
1,46,498
1,44,498
1,24,499
1,33,499
0,35,499
1,3,499
1,37,499
0,1,499
0,43,499
0,51,499
0,20,499
1,12,499
1,10,500
1,39,500
0,23,500
1,32,500
1,8,500
1,40,500
0,46,500
1,28,500
1,32,500
1,51,500
1,18,501
0,23,501
1,53,501
1,27,501
0,43,501
0,44,501
0,26,501
0,12,501
0,39,501
0,11,501
1,41,502
0,49,502
1,14,502
1,27,502
0,28,502
1,47,502
0,12,502
1,6,502
1,38,502
0,53,502
0,27,503
0,3,503
0,24,503
0,8,503
0,9,503
0,49,503
1,48,503
1,27,503
0,26,503
1,42,503
0,22,504
1,43,504
0,8,504
0,32,504
1,51,504
0,41,504
0,52,504
0,45,504
0,11,504
0,54,504
1,6,505
1,49,505
1,36,505
0,43,505
1,31,505
1,34,505
0,22,505
0,32,505
1,51,505
1,4,505
0,8,506
1,31,506
1,52,506
1,44,506
1,24,506
1,52,506
0,10,506
0,22,506
0,34,506
1,47,506
1,2,507
1,24,507
1,29,507
1,21,507
1,38,507
0,28,507
0,42,507
0,15,507
1,22,507
1,23,507
1,36,508
0,52,508
0,50,508
1,39,508
0,3,508
1,51,508
1,24,508
1,17,508
0,1,508
0,7,508
0,6,509
0,40,509
1,25,509
0,39,509
1,14,509
0,36,509
0,18,509
1,1,509
1,14,509
0,26,509
0,3,510
0,40,510
0,43,510
0,5,510
1,13,510
1,52,510
1,10,510
0,49,510
1,33,510
0,4,510
1,21,511
0,13,511
0,9,511
0,41,511
0,46,511
0,47,511
1,7,511
0,34,511
1,14,511
0,54,511
1,26,512
0,24,512
1,3,512
0,2,512
0,13,512
1,45,512
1,22,512
1,48,512
1,3,512
1,54,512
0,19,513
1,13,513
0,24,513
1,46,513
1,53,513
0,30,513
0,34,513
0,53,513
0,4,513
0,38,513
0,13,514
1,31,514
1,43,514
0,20,514
1,22,514
1,10,514
0,33,514
0,25,514
0,11,514
0,40,514
1,28,515
0,4,515
1,1,515
0,49,515
0,7,515
1,36,515
1,31,515
0,40,515
0,9,515
0,42,515
0,34,516
1,5,516
0,50,516
1,28,516
1,3,516
0,15,516
0,9,516
1,1,516
1,11,516
1,22,516
0,37,517
0,49,517
1,28,517
0,29,517
0,50,517
0,13,517
0,14,517
1,26,517
0,44,517
1,30,517
1,16,518
1,50,518
0,8,518
1,25,518
0,22,518
0,50,518
1,31,518
0,20,518
1,1,518
0,49,518
1,32,519
0,53,519
1,52,519
0,38,519
0,45,519
0,25,519
0,49,519
0,11,519
1,12,519
1,42,519
0,50,520
1,15,520
1,3,520
1,32,520
0,17,520
0,30,520
0,44,520
0,1,520
0,50,520
1,24,520
0,49,521
1,25,521
0,2,521
0,16,521
0,48,521
0,39,521
1,30,521
1,18,521
1,38,521
1,40,521
1,45,522
1,17,522
1,50,522
1,22,522
0,48,522
1,43,522
0,18,522
0,41,522
1,39,522
0,12,522
1,38,523
0,27,523
1,23,523
1,49,523
1,33,523
1,47,523
1,9,523
1,15,523
1,29,523
0,7,523
1,38,524
1,31,524
0,36,524
0,43,524
0,16,524
1,14,524
1,9,524
0,37,524
0,47,524
0,46,524
1,42,525
0,26,525
1,15,525
1,5,525
1,49,525
1,31,525
0,43,525
0,46,525
0,51,525
1,12,525
1,13,526
1,47,526
1,38,526
1,18,526
0,39,526
1,11,526
1,36,526
1,37,526
1,48,526
0,26,526
0,35,527
1,17,527
0,1,527
1,44,527
1,45,527
0,50,527
1,19,527
0,5,527
1,40,527
1,33,527
0,7,528
1,44,528
0,32,528
1,8,528
1,16,528
1,52,528
1,31,528
0,16,528
0,30,528
1,2,528
1,36,529
1,12,529
0,42,529
0,23,529
1,18,529
1,40,529
0,5,529
1,27,529
0,50,529
0,39,529
0,29,530
1,45,530
0,7,530
0,36,530
1,22,530
0,19,530
1,30,530
0,42,530
1,26,530
0,12,530
0,25,531
1,8,531
1,44,531
0,7,531
1,35,531
0,8,531
0,33,531
0,9,531
1,50,531
1,40,531
1,1,532
0,30,532
0,45,532
0,34,532
1,49,532
0,25,532
0,7,532
0,42,532
1,45,532
1,29,532
0,9,533
0,3,533
1,16,533
0,6,533
0,50,533
0,48,533
1,17,533
0,8,533
0,4,533
1,6,533
1,46,534
1,25,534
1,42,534
0,14,534
0,54,534
1,32,534
0,6,534
1,5,534
1,26,534
1,7,534
1,2,535
0,12,535
0,13,535
1,1,535
0,11,535
1,20,535
0,36,535
1,42,535
0,52,535
0,19,535
0,8,536
1,23,536
1,34,536
0,51,536
0,53,536
1,44,536
0,19,536
0,48,536
1,40,536
1,28,536
0,16,537
1,8,537
1,43,537
1,52,537
1,33,537
0,7,537
1,37,537
1,46,537
1,54,537
1,35,537
0,14,538
1,8,538
1,23,538
1,17,538
0,41,538
0,15,538
0,29,538
1,20,538
0,3,538
1,14,538
0,21,539
0,40,539
0,41,539
0,22,539
0,10,539
0,49,539
0,1,539
1,28,539
0,10,539
1,36,539
0,25,540
1,50,540
0,31,540
1,45,540
1,42,540
1,1,540
1,38,540
1,18,540
0,37,540
0,36,540
1,43,541
0,30,541
1,4,541
0,35,541
0,41,541
0,18,541
1,43,541
1,34,541
1,40,541
0,42,541
1,13,542
1,9,542
1,15,542
1,8,542
0,7,542
0,28,542
1,20,542
0,24,542
1,17,542
1,2,542
0,8,543
1,33,543
0,23,543
0,48,543
1,5,543
0,8,543
1,25,543
1,29,543
1,36,543
0,15,543
1,54,544
0,53,544
0,9,544
1,38,544
0,28,544
1,11,544
1,38,544
0,10,544
0,23,544
1,48,544
1,14,545
0,44,545
1,7,545
0,52,545
0,13,545
0,39,545
1,16,545
0,17,545
1,18,545
0,26,545
0,34,546
0,25,546
0,10,546
1,23,546
1,22,546
0,36,546
0,54,546
1,33,546
0,41,546
0,40,546
0,25,547
1,8,547
0,15,547
0,3,547
1,39,547
1,10,547
1,22,547
0,35,547
1,43,547
0,37,547
1,16,548
1,47,548
1,7,548
0,17,548
1,19,548
1,30,548
1,35,548
1,53,548
0,4,548
1,49,548
0,2,549
0,37,549
1,8,549
0,24,549
0,32,549
1,2,549
0,9,549
0,31,549
0,22,549
0,15,549
1,48,550
0,18,550
1,35,550
0,16,550
1,51,550
1,14,550
0,37,550
1,26,550
1,10,550
0,3,550
1,46,551
1,32,551
1,21,551
1,24,551
0,45,551
1,12,551
1,53,551
1,45,551
0,44,551
0,6,551
1,22,552
1,49,552
0,30,552
1,21,552
1,8,552
0,52,552
1,20,552
0,53,552
0,28,552
0,34,552
0,14,553
1,39,553
1,12,553
0,15,553
1,41,553
1,41,553
1,30,553
0,28,553
1,18,553
1,3,553
0,31,554
1,23,554
1,13,554
0,47,554
1,27,554
1,49,554
0,31,554
1,28,554
1,51,554
0,5,554
0,43,555
0,54,555
0,38,555
1,7,555
0,36,555
0,4,555
0,29,555
0,5,555
1,31,555
0,7,555
0,36,556
0,17,556
0,16,556
1,22,556
1,18,556
1,15,556
0,7,556
0,21,556
0,35,556
0,30,556
0,41,557
0,11,557
0,25,557
0,22,557
0,40,557
0,54,557
0,11,557
1,23,557
1,41,557
0,20,557
1,53,558
1,33,558
0,45,558
0,47,558
0,24,558
1,21,558
1,17,558
0,18,558
0,30,558
1,32,558
0,35,559
1,14,559
0,51,559
1,53,559
0,2,559
0,27,559
1,7,559
0,47,559
1,20,559
1,54,559
1,17,560
1,51,560
1,4,560
0,42,560
0,8,560
1,6,560
0,37,560
1,49,560
0,45,560
1,12,560
1,43,561
1,41,561
1,25,561
1,21,561
0,40,561
1,26,561
1,27,561
0,33,561
0,5,561
0,2,561
0,13,562
0,41,562
1,4,562
1,48,562
1,24,562
1,28,562
1,23,562
1,30,562
0,29,562
0,52,562
0,43,563
0,45,563
0,1,563
1,17,563
0,37,563
1,31,563
1,52,563
1,5,563
1,33,563
0,9,563
0,4,564
1,38,564
1,26,564
1,12,564
0,50,564
1,41,564
1,50,564
0,2,564
1,32,564
0,17,564
1,9,565
0,15,565
1,5,565
0,11,565
1,36,565
0,24,565
0,17,565
1,31,565
1,25,565
0,52,565
1,43,566
0,32,566
0,16,566
0,36,566
0,29,566
0,16,566
1,44,566
1,31,566
1,20,566
1,37,566
1,24,567
0,10,567
0,28,567
0,54,567
0,41,567
0,12,567
1,39,567
1,41,567
0,15,567
0,29,567
0,40,568
1,49,568
0,34,568
0,35,568
0,22,568
1,51,568
0,33,568
1,50,568
0,25,568
1,41,568
0,23,569
1,19,569
0,3,569
0,8,569
1,37,569
1,25,569
0,44,569
1,26,569
1,12,569
1,22,569
0,32,570
1,24,570
0,40,570
0,34,570
0,37,570
1,50,570
1,17,570
0,52,570
0,30,570
1,19,570
1,44,571
0,27,571
0,40,571
1,23,571
1,10,571
1,35,571
1,36,571
1,28,571
0,6,571
1,53,571
1,48,572
1,4,572
0,33,572
0,43,572
1,14,572
0,50,572
1,5,572
1,3,572
0,46,572
0,17,572
0,12,573
1,26,573
0,49,573
1,7,573
0,34,573
0,49,573
1,30,573
1,6,573
1,39,573
0,44,573
1,33,574
0,28,574
1,38,574
1,5,574
1,32,574
1,32,574
0,20,574
0,6,574
1,1,574
1,41,574
1,17,575
0,35,575
1,2,575
1,43,575
1,13,575
0,17,575
1,48,575
1,6,575
1,20,575
0,43,575
0,2,576
1,36,576
0,37,576
1,30,576
0,18,576
0,25,576
0,31,576
0,7,576
0,8,576
0,48,576
1,54,577
0,2,577
0,22,577
1,4,577
1,34,577
0,49,577
0,22,577
1,52,577
0,36,577
1,33,577
0,14,578
1,47,578
0,17,578
0,40,578
0,26,578
0,24,578
0,46,578
1,38,578
0,31,578
1,10,578
0,6,579
0,18,579
1,1,579
1,21,579
0,39,579
1,43,579
1,17,579
1,22,579
1,47,579
1,21,579
1,20,580
0,53,580
0,19,580
1,6,580
1,12,580
0,36,580
0,16,580
0,45,580
0,52,580
1,42,580
1,5,581
1,40,581
0,39,581
1,13,581
0,6,581
1,29,581
0,50,581
1,54,581
1,39,581
0,11,581
0,7,582
0,3,582
1,1,582
0,45,582
1,30,582
1,35,582
0,37,582
1,49,582
1,24,582
1,27,582
0,7,583
0,26,583
0,30,583
1,12,583
0,39,583
1,17,583
0,32,583
1,8,583
0,11,583
0,41,583
1,14,584
0,46,584
1,27,584
0,35,584
0,21,584
1,24,584
0,15,584
0,5,584
1,36,584
0,27,584
0,35,585
1,49,585
1,42,585
0,6,585
0,41,585
0,2,585
1,16,585
1,5,585
1,34,585
1,10,585
1,46,586
0,22,586
1,14,586
0,39,586
1,17,586
1,40,586
0,5,586
1,15,586
0,14,586
0,2,586
1,18,587
0,8,587
0,4,587
1,9,587
1,35,587
1,11,587
1,34,587
0,26,587
0,12,587
0,5,587
1,53,588
1,27,588
1,28,588
1,49,588
0,16,588
0,26,588
0,15,588
1,46,588
1,51,588
1,23,588
1,17,589
1,44,589
0,12,589
1,8,589
1,48,589
0,48,589
0,41,589
1,46,589
1,40,589
1,20,589
0,22,590
1,9,590
0,31,590
0,28,590
0,16,590
1,9,590
1,26,590
0,33,590
1,12,590
0,29,590
0,45,591
0,47,591
1,6,591
0,21,591
1,41,591
1,18,591
1,53,591
0,50,591
1,4,591
1,15,591
1,17,592
0,44,592
1,8,592
1,3,592
1,54,592
1,27,592
0,48,592
1,22,592
1,33,592
1,35,592
0,21,593
0,26,593
1,10,593
0,32,593
1,5,593
0,19,593
1,27,593
1,2,593
1,17,593
1,10,593
1,45,594
1,49,594
1,39,594
1,9,594
0,11,594
1,41,594
0,28,594
0,46,594
1,22,594
1,19,594
1,30,595
0,6,595
1,40,595
0,8,595
0,1,595
1,36,595
1,34,595
1,8,595
0,7,595
1,33,595
1,49,596
0,52,596
0,37,596
0,27,596
0,53,596
1,3,596
0,37,596
0,13,596
1,43,596
0,25,596
1,39,597
1,7,597
1,34,597
0,21,597
1,6,597
1,46,597
1,47,597
1,22,597
1,24,597
0,51,597
1,49,598
0,43,598
0,35,598
0,27,598
0,32,598
1,26,598
1,52,598
0,11,598
0,7,598
0,48,598
0,42,599
0,51,599
1,18,599
0,47,599
0,45,599
0,16,599
0,39,599
0,48,599
0,30,599
1,9,599
1,6,600
1,14,600
0,37,600
1,51,600
1,42,600
0,12,600
1,2,600
1,52,600
0,30,600
1,41,600
0,28,601
1,53,601
0,24,601
0,16,601
0,8,601
1,12,601
1,34,601
1,22,601
1,47,601
1,43,601
1,41,602
1,20,602
0,42,602
1,33,602
1,46,602
0,6,602
1,45,602
0,35,602
1,4,602
1,34,602
0,32,603
1,17,603
0,33,603
0,47,603
1,35,603
0,12,603
0,52,603
1,41,603
0,33,603
0,6,603
1,7,604
1,1,604
1,29,604
1,28,604
0,21,604
1,20,604
1,39,604
0,52,604
1,45,604
1,47,604
0,4,605
1,30,605
1,49,605
0,13,605
1,8,605
1,24,605
0,12,605
0,28,605
1,42,605
0,29,605
0,1,606
1,39,606
0,48,606
0,46,606
0,18,606
1,31,606
1,16,606
0,41,606
0,39,606
0,38,606
1,23,607
0,28,607
0,47,607
0,40,607
1,22,607
0,4,607
0,21,607
0,28,607
1,1,607
0,34,607
1,52,608
0,5,608
1,35,608
1,49,608
1,40,608
0,44,608
0,14,608
1,5,608
0,12,608
1,34,608
0,22,609
0,1,609
1,50,609
0,41,609
0,29,609
1,17,609
1,15,609
1,40,609
0,5,609
0,41,609
1,23,610
0,9,610
1,4,610
1,34,610
0,14,610
0,7,610
0,20,610
0,54,610
1,53,610
0,30,610
0,45,611
1,5,611
1,6,611
1,49,611
0,47,611
0,30,611
0,8,611
0,45,611
1,25,611
0,9,611
0,17,612
0,3,612
0,38,612
0,52,612
0,16,612
1,20,612
1,31,612
0,40,612
0,5,612
0,26,612
0,4,613
0,10,613
0,43,613
0,35,613
1,29,613
0,8,613
1,52,613
0,54,613
1,38,613
1,48,613
0,51,614
1,22,614
0,1,614
1,16,614
1,39,614
1,49,614
0,32,614
1,19,614
1,24,614
0,13,614
0,35,615
1,36,615
0,54,615
0,47,615
0,37,615
0,8,615
1,13,615
0,47,615
0,42,615
0,33,615
1,53,616
1,38,616
0,6,616
0,26,616
0,1,616
0,15,616
1,6,616
1,5,616
1,48,616
0,21,616
1,35,617
0,33,617
0,32,617
0,28,617
0,46,617
1,27,617
1,41,617
0,25,617
0,18,617
1,45,617
0,35,618
1,52,618
0,12,618
1,4,618
1,39,618
1,9,618
1,40,618
1,16,618
0,48,618
1,11,618
0,2,619
1,30,619
1,51,619
1,12,619
1,32,619
0,54,619
1,5,619
1,22,619
0,51,619
1,21,619
1,34,620
1,14,620
0,36,620
1,43,620
1,52,620
1,3,620
1,35,620
1,48,620
0,11,620
1,38,620
1,54,621
1,16,621
1,15,621
1,51,621
1,26,621
0,20,621
0,8,621
1,10,621
0,16,621
1,50,621
0,33,622
0,53,622
0,43,622
0,46,622
1,6,622
1,21,622
0,19,622
0,36,622
0,3,622
1,15,622
0,25,623
1,45,623
1,54,623
0,16,623
1,38,623
1,31,623
0,4,623
1,53,623
1,2,623
0,19,623
1,6,624
1,52,624
1,50,624
1,37,624
1,13,624
1,34,624
0,29,624
0,40,624
1,47,624
1,41,624
0,2,625
1,10,625
1,43,625
1,6,625
1,3,625
1,48,625
1,19,625
0,9,625
0,18,625
0,53,625
1,25,626
0,29,626
0,50,626
0,17,626
1,6,626
0,50,626
0,31,626
1,22,626
0,35,626
1,14,626
1,36,627
0,48,627
0,9,627
0,51,627
0,7,627
0,47,627
1,34,627
0,49,627
0,22,627
1,29,627
0,35,628
1,53,628
0,25,628
1,15,628
0,46,628
1,48,628
1,29,628
0,21,628
1,32,628
1,1,628
1,49,629
1,8,629
0,36,629
1,30,629
1,3,629
0,44,629
1,47,629
1,36,629
0,34,629
0,7,629
0,23,630
0,40,630
0,8,630
1,30,630
0,46,630
1,36,630
1,49,630
0,48,630
1,14,630
0,10,630
0,26,631
1,20,631
0,33,631
1,13,631
1,4,631
1,32,631
0,49,631
0,47,631
0,46,631
1,6,631
1,30,632
0,14,632
1,16,632
0,33,632
1,46,632
1,7,632
1,51,632
0,33,632
1,34,632
0,6,632
1,3,633
0,45,633
0,27,633
0,32,633
1,34,633
1,53,633
1,52,633
0,50,633
1,17,633
0,32,633
0,15,634
0,43,634
0,7,634
1,23,634
1,14,634
0,49,634
0,18,634
0,17,634
0,48,634
0,37,634
0,24,635
1,44,635
1,8,635
0,10,635
1,1,635
1,28,635
0,6,635
0,18,635
1,44,635
1,19,635
0,5,636
1,32,636
0,8,636
0,26,636
0,18,636
0,4,636
0,11,636
1,44,636
1,5,636
0,7,636
0,25,637
1,9,637
1,53,637
0,26,637
1,44,637
0,26,637
1,25,637
0,5,637
0,47,637
1,13,637
1,31,638
0,17,638
1,30,638
1,28,638
0,2,638
0,11,638
0,39,638
0,36,638
1,3,638
0,50,638
0,32,639
0,23,639
0,48,639
1,33,639
0,8,639
1,25,639
0,28,639
0,12,639
1,20,639
1,50,639
0,29,640
0,39,640
0,31,640
1,21,640
0,24,640
1,47,640
0,1,640
0,19,640
1,42,640
0,6,640
0,48,641
1,2,641
0,17,641
1,13,641
0,14,641
0,28,641
0,19,641
0,11,641
1,38,641
0,10,641
0,39,642
1,15,642
1,37,642
0,8,642
0,33,642
0,10,642
0,25,642
0,8,642
1,17,642
1,9,642
0,12,643
1,4,643
0,22,643
0,28,643
1,32,643
0,29,643
0,39,643
1,41,643
0,19,643
1,54,643
0,13,644
0,28,644
0,9,644
1,24,644
0,46,644
0,20,644
0,44,644
1,2,644
1,18,644
0,34,644
1,47,645
0,14,645
0,54,645
0,32,645
1,48,645
1,36,645
0,8,645
0,44,645
0,18,645
0,30,645
0,5,646
0,3,646
0,1,646
0,26,646
1,48,646
1,40,646
1,45,646
0,11,646
0,15,646
0,28,646
1,18,647
0,46,647
0,50,647
0,31,647
1,18,647
1,12,647
1,41,647
0,43,647
0,16,647
0,36,647
0,44,648
1,8,648
0,20,648
1,29,648
0,17,648
1,22,648
1,20,648
0,11,648
0,47,648
0,24,648
0,1,649
0,8,649
0,3,649
0,23,649
0,32,649
0,52,649
0,17,649
0,20,649
0,22,649
0,1,649
0,15,650
1,24,650
0,53,650
0,13,650
0,7,650
0,33,650
0,49,650
1,16,650
0,34,650
1,17,650
1,37,651
0,13,651
0,36,651
0,35,651
0,3,651
1,29,651
0,46,651
1,11,651
0,39,651
1,12,651
0,33,652
0,16,652
0,17,652
1,26,652
0,47,652
0,49,652
1,5,652
0,10,652
0,23,652
1,26,652
1,43,653
0,22,653
0,25,653
1,9,653
1,44,653
1,54,653
1,5,653
0,46,653
1,18,653
0,48,653
1,47,654
1,43,654
1,7,654
0,28,654
1,18,654
1,40,654
1,23,654
0,50,654
1,2,654
0,27,654
0,32,655
0,35,655
0,16,655
0,52,655
0,23,655
0,46,655
1,50,655
1,31,655
0,48,655
0,42,655
1,47,656
0,34,656
1,32,656
0,36,656
0,31,656
1,53,656
0,27,656
1,49,656
0,52,656
0,24,656
1,42,657
1,14,657
1,9,657
0,4,657
0,31,657
0,34,657
0,4,657
0,3,657
0,28,657
1,52,657
1,43,658
1,42,658
1,26,658
1,49,658
1,1,658
1,37,658
0,47,658
0,27,658
0,6,658
1,51,658
1,18,659
1,16,659
1,42,659
0,21,659
0,45,659
1,53,659
1,9,659
0,10,659
1,6,659
1,25,659
0,34,660
1,48,660
1,4,660
1,35,660
1,47,660
1,20,660
0,29,660
1,36,660
1,23,660
0,34,660
1,12,661
0,14,661
1,9,661
0,43,661
1,27,661
0,1,661
0,30,661
1,7,661
1,14,661
0,9,661
0,51,662
1,41,662
0,13,662
0,26,662
1,44,662
1,6,662
0,28,662
0,1,662
1,18,662
1,38,662
0,16,663
0,34,663
1,46,663
0,51,663
1,18,663
0,32,663
1,35,663
1,9,663
0,37,663
0,17,663
0,7,664
0,41,664
0,49,664
0,50,664
0,16,664
1,33,664
1,37,664
0,47,664
0,49,664
0,52,664
0,20,665
0,50,665
1,39,665
0,24,665
0,27,665
0,22,665
1,37,665
0,25,665
1,19,665
1,47,665
1,11,666
0,52,666
0,6,666
1,12,666
1,32,666
0,26,666
0,48,666
1,49,666
0,42,666
1,25,666
0,6,667
1,8,667
0,3,667
1,23,667
0,28,667
1,32,667
0,23,667
0,5,667
0,35,667
0,39,667
1,22,668
0,7,668
1,19,668
1,47,668
0,26,668
1,15,668
0,19,668
0,48,668
1,22,668
1,23,668
1,3,669
0,42,669
0,25,669
1,12,669
0,34,669
1,54,669
0,37,669
0,29,669
0,42,669
1,50,669
0,14,670
0,2,670
0,38,670
1,17,670
1,30,670
1,36,670
1,25,670
0,50,670
0,34,670
0,19,670
0,5,671
1,35,671
0,27,671
1,48,671
1,36,671
0,53,671
1,51,671
0,43,671
0,2,671
0,40,671
1,35,672
1,19,672
1,9,672
1,1,672
1,30,672
0,1,672
1,7,672
0,51,672
0,19,672
1,52,672
0,42,673
0,38,673
0,37,673
0,4,673
1,49,673
0,17,673
1,33,673
1,28,673
1,23,673
1,27,673
1,24,674
0,53,674
0,21,674
0,29,674
1,39,674
0,13,674
0,46,674
1,32,674
0,35,674
1,27,674
1,36,675
0,24,675
1,29,675
1,54,675
0,17,675
0,35,675
0,36,675
1,11,675
1,8,675
1,27,675
0,34,676
0,49,676
1,30,676
0,24,676
0,47,676
0,51,676
0,18,676
0,29,676
0,7,676
0,11,676
1,46,677
1,37,677
0,52,677
1,36,677
0,27,677
0,36,677
1,22,677
1,29,677
1,41,677
0,43,677
1,45,678
0,13,678
0,53,678
0,23,678
1,14,678
1,20,678
0,27,678
1,10,678
1,29,678
0,50,678
0,33,679
0,51,679
1,16,679
1,13,679
1,22,679
0,42,679
0,45,679
0,32,679
0,44,679
0,8,679
0,19,680
1,46,680
0,4,680
1,20,680
0,48,680
1,2,680
0,13,680
1,51,680
0,27,680
0,49,680
1,26,681
0,46,681
1,18,681
1,42,681
1,17,681
0,16,681
1,8,681
0,28,681
1,13,681
1,24,681
0,2,682
1,38,682
1,15,682
0,39,682
1,50,682
0,54,682
0,3,682
0,10,682
1,31,682
0,33,682
0,51,683
1,9,683
1,26,683
1,36,683
0,43,683
1,22,683
0,4,683
1,13,683
1,40,683
1,30,683
1,23,684
1,44,684
0,5,684
0,8,684
1,30,684
1,39,684
0,44,684
0,13,684
0,3,684
0,47,684
1,54,685
0,35,685
0,45,685
0,23,685
0,15,685
1,27,685
0,36,685
0,42,685
1,6,685
1,5,685
1,22,686
1,17,686
0,50,686
1,39,686
0,15,686
0,49,686
0,37,686
0,11,686
1,5,686
0,13,686
1,3,687
0,29,687
0,45,687
1,42,687
1,25,687
0,36,687
1,35,687
1,38,687
1,54,687
0,32,687
0,43,688
1,39,688
0,1,688
1,13,688
1,21,688
1,49,688
0,18,688
0,24,688
0,29,688
0,6,688
1,23,689
1,52,689
0,27,689
1,19,689
0,1,689
1,35,689
1,18,689
0,48,689
0,21,689
1,40,689
1,39,690
1,41,690
1,15,690
1,11,690
1,7,690
0,18,690
0,27,690
1,9,690
1,1,690
1,2,690
0,19,691
0,15,691
1,51,691
0,42,691
1,49,691
1,7,691
1,48,691
1,47,691
1,34,691
1,8,691
1,52,692
1,20,692
0,17,692
0,32,692
0,41,692
0,28,692
0,15,692
0,19,692
0,38,692
1,4,692
0,10,693
0,17,693
0,2,693
0,49,693
1,34,693
1,35,693
1,53,693
0,33,693
1,41,693
1,5,693
1,13,694
0,47,694
1,18,694
1,2,694
0,51,694
0,54,694
0,38,694
0,40,694
0,14,694
0,18,694
0,48,695
1,43,695
0,7,695
0,22,695
1,40,695
1,15,695
0,52,695
0,51,695
1,27,695
1,8,695
0,38,696
1,18,696
1,11,696
0,9,696
0,38,696
0,52,696
0,24,696
0,10,696
0,32,696
0,16,696
1,40,697
0,25,697
0,18,697
0,42,697
0,6,697
0,7,697
1,19,697
0,13,697
0,47,697
1,50,697
1,3,698
0,12,698
0,16,698
1,1,698
0,42,698
1,44,698
1,28,698
1,45,698
1,49,698
1,33,698
0,14,699
1,2,699
1,29,699
1,31,699
1,6,699
0,27,699
1,35,699
0,8,699
0,47,699
1,14,699
0,42,700
0,54,700
0,19,700
1,38,700
0,16,700
1,52,700
1,49,700
0,1,700
1,5,700
1,38,700
0,6,701
1,24,701
1,11,701
0,43,701
0,12,701
1,1,701
1,42,701
0,18,701
0,47,701
0,15,701
1,21,702
0,20,702
1,23,702
1,7,702
0,46,702
0,11,702
0,13,702
0,14,702
0,45,702
0,4,702
0,36,703
1,21,703
0,51,703
0,3,703
0,54,703
0,48,703
0,42,703
0,1,703
1,30,703
0,19,703
0,23,704
1,35,704
1,32,704
1,43,704
1,17,704
1,16,704
0,42,704
1,2,704
0,5,704
1,31,704
0,34,705
1,27,705
1,14,705
1,4,705
0,52,705
1,44,705
0,21,705
0,40,705
0,13,705
1,15,705
1,37,706
0,33,706
1,14,706
0,28,706
1,21,706
0,43,706
0,7,706
1,25,706
1,29,706
0,42,706
0,24,707
0,47,707
1,50,707
1,24,707
0,15,707
0,32,707
0,13,707
0,18,707
0,44,707
1,7,707
1,30,708
0,27,708
1,6,708
1,16,708
1,12,708
1,39,708
1,9,708
1,46,708
0,52,708
1,43,708
0,18,709
0,19,709
1,8,709
0,31,709
1,35,709
1,32,709
1,9,709
1,43,709
1,28,709
0,45,709
1,52,710
0,21,710
1,5,710
0,32,710
0,34,710
1,14,710
0,18,710
1,46,710
0,22,710
0,25,710
0,24,711
1,28,711
1,10,711
1,13,711
0,36,711
0,9,711
0,17,711
0,38,711
0,11,711
1,47,711
0,32,712
1,21,712
0,31,712
0,8,712
0,16,712
0,9,712
0,32,712
0,37,712
1,35,712
1,36,712
0,29,713
0,6,713
1,17,713
0,31,713
1,28,713
0,18,713
1,27,713
1,9,713
1,41,713
1,22,713
0,43,714
0,35,714
1,46,714
0,15,714
0,34,714
1,14,714
0,20,714
1,1,714
0,44,714
0,43,714
0,37,715
1,36,715
1,50,715
1,31,715
0,30,715
1,13,715
1,50,715
1,26,715
0,17,715
0,14,715
0,52,716
1,19,716
0,47,716
0,29,716
1,52,716
0,42,716
1,1,716
0,48,716
0,2,716
0,37,716
1,16,717
0,12,717
0,13,717
0,50,717
0,37,717
0,47,717
1,21,717
1,29,717
1,40,717
1,5,717
0,14,718
1,3,718
0,39,718
1,29,718
0,9,718
1,7,718
0,25,718
1,30,718
0,26,718
1,42,718
0,48,719
1,11,719
1,17,719
0,39,719
0,49,719
1,18,719
1,30,719
1,33,719
1,41,719
0,13,719
1,21,720
1,9,720
0,6,720
0,39,720
0,42,720
0,20,720
0,41,720
0,9,720
0,43,720
0,24,720
0,30,721
0,2,721
0,38,721
0,23,721
0,13,721
0,17,721
1,28,721
0,39,721
1,34,721
1,40,721
1,44,722
0,48,722
0,41,722
0,9,722
1,32,722
1,3,722
1,12,722
0,10,722
1,11,722
0,18,722
1,15,723
0,21,723
1,36,723
0,45,723
1,9,723
0,6,723
1,41,723
1,22,723
1,52,723
1,7,723
0,8,724
1,20,724
1,10,724
0,53,724
1,41,724
1,48,724
0,19,724
1,12,724
1,21,724
0,49,724
1,31,725
0,28,725
0,13,725
0,18,725
1,20,725
0,36,725
1,7,725
1,29,725
0,26,725
1,37,725
1,5,726
0,34,726
1,3,726
1,3,726
1,53,726
1,41,726
0,15,726
1,37,726
1,39,726
1,8,726
0,50,727
0,21,727
1,44,727
1,49,727
1,45,727
1,15,727
1,21,727
1,22,727
1,27,727
0,25,727
0,18,728
0,9,728
0,24,728
0,49,728
0,36,728
0,46,728
0,14,728
1,35,728
0,13,728
0,22,728
0,31,729
0,15,729
1,54,729
1,11,729
0,4,729
1,49,729
0,19,729
1,44,729
0,16,729
0,31,729
0,2,730
1,35,730
0,28,730
1,3,730
1,29,730
1,1,730
0,15,730
1,35,730
0,52,730
0,25,730
0,21,731
1,47,731
0,53,731
0,22,731
0,19,731
1,39,731
0,40,731
1,53,731
0,12,731
0,13,731
0,30,732
1,27,732
1,21,732
0,46,732
0,28,732
1,42,732
1,7,732
0,43,732
0,27,732
0,11,732
0,4,733
1,44,733
0,38,733
0,52,733
0,44,733
1,54,733
1,31,733
1,32,733
0,15,733
0,28,733
0,37,734
0,18,734
0,50,734
1,31,734
0,51,734
1,1,734
0,10,734
0,46,734
0,21,734
0,17,734
1,44,735
1,13,735
1,43,735
0,54,735
0,19,735
1,18,735
1,8,735
0,16,735
0,49,735
0,44,735
1,43,736
0,42,736
1,3,736
1,20,736
1,12,736
0,27,736
1,37,736
1,38,736
1,11,736
1,39,736
0,14,737
0,1,737
1,24,737
0,11,737
1,29,737
0,48,737
1,21,737
1,28,737
1,22,737
0,6,737
1,20,738
0,8,738
1,50,738
1,39,738
1,50,738
1,3,738
1,30,738
1,35,738
1,11,738
0,16,738
1,44,739
1,51,739
1,53,739
0,27,739
0,47,739
0,52,739
1,50,739
1,29,739
0,26,739
0,28,739
0,51,740
0,24,740
1,45,740
0,38,740
0,26,740
0,45,740
0,49,740
1,9,740
1,54,740
0,53,740
1,2,741
1,25,741
0,15,741
0,5,741
1,33,741
0,44,741
0,32,741
1,9,741
1,53,741
0,25,741
1,12,742
0,11,742
1,41,742
1,37,742
0,48,742
0,54,742
0,26,742
1,3,742
1,8,742
0,39,742
0,18,743
0,11,743
0,28,743
0,22,743
0,5,743
1,34,743
1,42,743
0,24,743
0,38,743
0,50,743
0,26,744
0,1,744
0,54,744
1,21,744
0,16,744
1,52,744
1,35,744
1,9,744
0,26,744
1,42,744
0,38,745
0,30,745
0,23,745
0,21,745
0,36,745
1,17,745
1,26,745
1,13,745
1,2,745
1,1,745
1,49,746
0,32,746
1,42,746
0,37,746
0,21,746
0,33,746
0,5,746
0,43,746
0,18,746
0,6,746
1,12,747
0,42,747
1,44,747
0,4,747
1,27,747
1,45,747
0,32,747
0,40,747
1,41,747
1,48,747
0,42,748
0,7,748
1,47,748
1,36,748
0,8,748
1,13,748
0,32,748
1,34,748
1,41,748
1,23,748
0,46,749
1,20,749
0,25,749
0,38,749
1,43,749
1,53,749
0,19,749
0,47,749
1,31,749
0,33,749
0,11,750
1,48,750
1,24,750
0,37,750
0,10,750
1,22,750
1,46,750
0,5,750
0,44,750
1,29,750
0,9,751
0,1,751
1,53,751
1,40,751
1,50,751
0,48,751
1,35,751
0,28,751
0,27,751
0,19,751
1,53,752
0,36,752
1,44,752
0,17,752
0,21,752
0,49,752
1,33,752
1,38,752
1,46,752
1,27,752
1,35,753
1,22,753
0,12,753
1,52,753
0,25,753
0,50,753
0,53,753
1,16,753
1,18,753
1,27,753
1,41,754
0,4,754
1,11,754
0,6,754
1,8,754
0,54,754
1,39,754
1,10,754
1,31,754
0,29,754
1,9,755
0,43,755
0,28,755
0,51,755
0,27,755
0,1,755
0,11,755
0,21,755
0,12,755
1,40,755
0,48,756
0,34,756
0,10,756
0,38,756
0,17,756
0,3,756
1,2,756
0,11,756
0,39,756
1,47,756
0,16,757
1,34,757
0,6,757
1,32,757
0,54,757
0,15,757
1,25,757
1,39,757
0,35,757
1,3,757
0,41,758
1,24,758
0,51,758
1,37,758
1,4,758
0,53,758
0,9,758
0,49,758
0,23,758
0,32,758
0,29,759
0,12,759
1,10,759
1,47,759
1,45,759
1,17,759
0,37,759
0,8,759
1,32,759
0,43,759
1,27,760
1,2,760
1,46,760
1,8,760
1,32,760
0,7,760
0,38,760
1,29,760
1,50,760
0,48,760
0,30,761
1,11,761
0,21,761
0,23,761
0,27,761
0,37,761
0,44,761
1,52,761
0,28,761
0,11,761
0,12,762
1,18,762
1,19,762
0,44,762
1,20,762
0,19,762
1,52,762
1,27,762
0,35,762
1,11,762
1,39,763
1,16,763
0,30,763
0,30,763
1,25,763
0,23,763
0,20,763
0,34,763
0,14,763
0,36,763
0,16,764
1,17,764
1,18,764
1,14,764
0,25,764
0,13,764
0,37,764
1,20,764
1,11,764
0,12,764
1,8,765
1,3,765
1,4,765
0,39,765
0,5,765
0,54,765
1,28,765
1,50,765
1,25,765
0,10,765
0,30,766
0,29,766
1,22,766
1,44,766
0,39,766
0,8,766
1,37,766
1,40,766
0,38,766
1,4,766
1,19,767
1,6,767
0,3,767
0,37,767
1,18,767
0,46,767
0,28,767
1,34,767
0,52,767
1,44,767
0,6,768
1,25,768
0,24,768
0,51,768
1,5,768
1,47,768
1,43,768
0,30,768
1,33,768
1,36,768
1,24,769
0,6,769
1,12,769
0,34,769
0,41,769
0,27,769
1,18,769
1,25,769
0,17,769
0,13,769
0,12,770
0,49,770
0,29,770
1,10,770
0,2,770
0,53,770
0,36,770
0,35,770
1,41,770
1,29,770
0,14,771
1,24,771
0,15,771
0,7,771
1,42,771
0,49,771
0,29,771
1,12,771
0,38,771
1,30,771
1,9,772
0,31,772
0,24,772
1,44,772
1,50,772
0,9,772
1,47,772
1,28,772
1,32,772
0,41,772
1,6,773
0,42,773
0,3,773
1,29,773
0,21,773
0,50,773
0,40,773
1,52,773
0,13,773
1,1,773
0,15,774
1,16,774
1,46,774
1,42,774
1,3,774
0,13,774
0,35,774
0,6,774
1,17,774
0,27,774
0,34,775
1,53,775
0,2,775
0,10,775
1,27,775
1,7,775
1,22,775
1,44,775
0,30,775
0,19,775
0,16,776
0,2,776
0,3,776
0,50,776
0,36,776
1,34,776
1,21,776
1,13,776
1,20,776
0,42,776
1,15,777
1,31,777
0,52,777
1,14,777
1,2,777
1,43,777
0,31,777
1,53,777
0,35,777
1,22,777
0,49,778
1,52,778
1,4,778
1,35,778
1,16,778
1,36,778
0,30,778
1,24,778
1,48,778
0,52,778
0,11,779
1,22,779
1,28,779
0,8,779
0,28,779
0,26,779
0,10,779
0,11,779
1,17,779
1,14,779
1,30,780
1,36,780
1,20,780
0,18,780
1,23,780
1,14,780
1,41,780
1,31,780
1,48,780
1,28,780
0,51,781
1,52,781
0,8,781
0,17,781
1,45,781
0,47,781
1,37,781
0,49,781
1,48,781
1,33,781
1,35,782
1,8,782
1,23,782
0,36,782
1,43,782
0,24,782
0,11,782
0,26,782
0,37,782
0,40,782
1,46,783
1,27,783
1,15,783
0,16,783
0,48,783
1,26,783
0,14,783
0,42,783
0,2,783
0,41,783
1,10,784
1,23,784
0,19,784
1,27,784
1,39,784
0,7,784
1,45,784
0,26,784
0,13,784
0,21,784
0,42,785
0,41,785
1,38,785
0,44,785
0,14,785
1,20,785
0,53,785
0,42,785
0,41,785
1,19,785
0,36,786
0,39,786
1,40,786
0,3,786
1,24,786
1,30,786
0,19,786
0,41,786
0,6,786
0,52,786
1,11,787
0,48,787
0,12,787
1,25,787
1,53,787
1,32,787
0,2,787
1,17,787
0,26,787
1,42,787
0,36,788
1,10,788
1,49,788
0,21,788
0,9,788
0,37,788
0,45,788
1,22,788
1,2,788
1,36,788
0,54,789
0,30,789
0,48,789
1,52,789
0,50,789
0,5,789
0,43,789
0,33,789
1,30,789
0,41,789
0,16,790
0,15,790
1,12,790
1,51,790
0,22,790
0,11,790
0,27,790
0,44,790
1,2,790
0,17,790
0,39,791
1,47,791
0,25,791
0,32,791
1,39,791
1,25,791
0,26,791
1,29,791
0,43,791
0,7,791
1,21,792
1,13,792
0,37,792
0,31,792
0,46,792
0,50,792
0,4,792
0,40,792
0,19,792
0,38,792
1,11,793
0,16,793
1,34,793
1,51,793
0,35,793
0,37,793
1,9,793
0,36,793
1,22,793
0,10,793
1,11,794
1,16,794
1,1,794
1,41,794
1,33,794
1,31,794
0,35,794
0,20,794
1,40,794
0,13,794
0,52,795
0,39,795
0,24,795
1,28,795
0,44,795
1,11,795
0,2,795
1,12,795
0,40,795
0,37,795
0,51,796
0,36,796
1,27,796
1,49,796
1,4,796
0,40,796
1,11,796
1,33,796
0,7,796
0,51,796
1,38,797
0,43,797
0,1,797
1,50,797
1,6,797
0,48,797
0,37,797
0,18,797
0,46,797
0,25,797
0,13,798
0,5,798
0,10,798
1,40,798
1,41,798
1,17,798
0,53,798
1,47,798
0,2,798
0,31,798
1,8,799
0,30,799
0,52,799
1,42,799
0,24,799
1,30,799
0,28,799
1,54,799
0,4,799
1,53,799
1,21,800
1,48,800
1,20,800
0,37,800
1,1,800
0,21,800
1,18,800
1,38,800
1,40,800
1,27,800
0,12,801
0,20,801
0,21,801
1,26,801
1,48,801
0,13,801
0,45,801
0,5,801
0,2,801
1,12,801
0,41,802
0,46,802
0,26,802
0,2,802
0,45,802
0,34,802
0,12,802
0,18,802
0,11,802
1,46,802
0,3,803
1,20,803
1,52,803
0,31,803
0,12,803
0,29,803
0,37,803
0,11,803
0,42,803
1,9,803
1,22,804
0,5,804
0,1,804
1,37,804
1,6,804
0,28,804
1,45,804
1,14,804
0,51,804
0,53,804
0,5,805
1,19,805
1,31,805
1,12,805
1,41,805
0,35,805
1,3,805
1,23,805
1,8,805
0,39,805
0,4,806
0,53,806
0,35,806
1,52,806
0,21,806
1,24,806
1,42,806
1,5,806
0,3,806
0,41,806
1,19,807
1,49,807
1,47,807
0,45,807
1,24,807
0,41,807
0,32,807
1,21,807
1,15,807
0,48,807
1,35,808
0,22,808
1,18,808
1,16,808
0,44,808
0,30,808
1,5,808
0,7,808
0,20,808
0,4,808
1,6,809
1,8,809
0,8,809
1,50,809
1,20,809
0,29,809
1,5,809
0,14,809
1,44,809
0,28,809
0,37,810
1,43,810
1,3,810
1,50,810
1,14,810
1,15,810
1,34,810
1,26,810
1,1,810
0,30,810
0,6,811
0,5,811
1,33,811
0,44,811
0,37,811
1,43,811
1,8,811
0,22,811
0,40,811
1,13,811
1,32,812
1,25,812
0,29,812
0,35,812
1,20,812
0,33,812
1,10,812
1,24,812
1,16,812
0,38,812
1,27,813
0,53,813
0,13,813
0,43,813
0,45,813
0,16,813
1,19,813
1,44,813
0,18,813
1,8,813
1,50,814
0,25,814
0,2,814
1,23,814
1,40,814
1,13,814
0,16,814
0,25,814
0,28,814
0,4,814
1,14,815
0,17,815
1,46,815
1,23,815
1,17,815
1,18,815
1,14,815
1,51,815
0,26,815
0,34,815
1,42,816
0,29,816
0,29,816
1,43,816
1,34,816
1,32,816
1,12,816
0,54,816
0,13,816
1,21,816
0,6,817
1,23,817
1,41,817
0,3,817
0,39,817
1,35,817
1,47,817
1,20,817
1,8,817
0,18,817
1,37,818
1,9,818
0,3,818
0,6,818
1,52,818
1,8,818
0,51,818
1,33,818
1,21,818
0,10,818
0,22,819
1,7,819
1,8,819
0,31,819
0,38,819
0,47,819
0,14,819
1,37,819
0,49,819
1,3,819
0,12,820
0,16,820
1,4,820
1,36,820
1,9,820
0,10,820
0,54,820
0,14,820
1,52,820
1,19,820
1,29,821
1,40,821
1,38,821
0,53,821
0,45,821
0,8,821
1,40,821
1,49,821
0,33,821
1,37,821
0,29,822
1,18,822
0,21,822
1,28,822
1,43,822
1,8,822
0,40,822
0,27,822
1,17,822
1,35,822
1,41,823
0,44,823
1,50,823
0,2,823
1,12,823
0,13,823
1,16,823
1,28,823
0,44,823
1,51,823
1,22,824
0,47,824
1,51,824
1,17,824
0,38,824
1,16,824
0,10,824
0,13,824
0,54,824
1,2,824
1,52,825
0,22,825
0,6,825
0,16,825
1,30,825
0,4,825
1,7,825
0,49,825
0,43,825
0,5,825
0,14,826
0,51,826
0,22,826
0,5,826
0,18,826
1,51,826
1,32,826
0,19,826
0,11,826
0,45,826
1,47,827
0,35,827
1,3,827
0,24,827
0,53,827
1,1,827
0,38,827
1,44,827
1,10,827
1,40,827
1,16,828
0,54,828
1,16,828
1,8,828
1,10,828
0,6,828
0,26,828
1,38,828
0,23,828
1,24,828
0,19,829
1,14,829
1,49,829
0,38,829
1,9,829
1,40,829
0,37,829
1,10,829
0,22,829
1,21,829
1,11,830
1,36,830
1,37,830
0,4,830
0,29,830
0,3,830
0,40,830
0,46,830
1,43,830
1,14,830
1,1,831
1,33,831
1,40,831
0,43,831
0,11,831
1,42,831
1,38,831
1,25,831
1,20,831
1,39,831
1,24,832
1,46,832
1,31,832
1,39,832
0,29,832
0,53,832
0,6,832
1,24,832
1,23,832
1,37,832
0,1,833
0,22,833
0,21,833
1,29,833
1,42,833
1,22,833
0,8,833
1,30,833
1,11,833
0,35,833
0,25,834
1,2,834
1,45,834
0,10,834
0,51,834
0,31,834
1,16,834
0,54,834
0,38,834
0,22,834
0,47,835
0,48,835
1,29,835
1,46,835
0,42,835
1,25,835
1,20,835
1,38,835
1,51,835
0,9,835
0,15,836
0,11,836
1,8,836
0,54,836
1,13,836
1,20,836
0,29,836
1,32,836
1,36,836
1,26,836
1,2,837
0,44,837
0,11,837
0,17,837
0,50,837
1,5,837
0,7,837
0,34,837
1,37,837
0,27,837
0,40,838
1,1,838
0,19,838
1,16,838
1,22,838
1,50,838
0,48,838
0,14,838
0,20,838
0,13,838
0,31,839
0,41,839
1,49,839
0,29,839
0,43,839
1,9,839
1,16,839
0,6,839
1,44,839
0,1,839
1,20,840
0,47,840
1,24,840
0,43,840
0,2,840
1,32,840
0,1,840
0,15,840
0,35,840
1,11,840
0,5,841
1,10,841
1,14,841
0,39,841
0,33,841
0,40,841
0,53,841
0,16,841
0,18,841
0,27,841
1,23,842
1,31,842
0,2,842
1,48,842
1,32,842
1,16,842
0,29,842
0,31,842
1,18,842
1,28,842
0,23,843
1,11,843
1,33,843
0,8,843
1,26,843
0,9,843
0,53,843
0,25,843
1,23,843
0,11,843
1,17,844
0,42,844
1,27,844
1,49,844
0,38,844
0,30,844
1,19,844
0,29,844
1,13,844
0,15,844
0,47,845
1,21,845
1,48,845
1,33,845
1,23,845
0,28,845
0,47,845
1,16,845
1,5,845
0,50,845
0,42,846
1,22,846
0,23,846
0,8,846
1,18,846
1,6,846
1,1,846
0,25,846
1,42,846
1,14,846
1,24,847
1,19,847
1,42,847
1,21,847
1,47,847
0,24,847
1,6,847
1,54,847
1,23,847
1,18,847
1,36,848
1,8,848
0,1,848
1,51,848
1,19,848
1,21,848
1,9,848
1,26,848
0,15,848
1,5,848
0,10,849
1,41,849
0,14,849
0,15,849
1,37,849
1,3,849
1,27,849
0,29,849
1,18,849
1,6,849
1,21,850
1,1,850
0,17,850
0,31,850
1,42,850
1,26,850
0,37,850
1,49,850
1,28,850
1,36,850
1,10,851
1,23,851
1,49,851
0,14,851
0,35,851
1,21,851
0,43,851
0,2,851
0,6,851
1,39,851
0,48,852
1,16,852
0,1,852
0,9,852
1,48,852
1,8,852
1,54,852
0,51,852
1,14,852
1,41,852
0,40,853
1,30,853
0,37,853
1,13,853
0,26,853
1,43,853
1,36,853
0,33,853
1,2,853
0,22,853
0,5,854
1,12,854
0,11,854
0,13,854
1,35,854
0,16,854
1,20,854
1,25,854
1,18,854
0,41,854
1,8,855
0,26,855
0,15,855
1,35,855
0,11,855
0,17,855
0,49,855
0,27,855
0,48,855
0,25,855
0,32,856
1,54,856
0,22,856
0,21,856
1,26,856
1,4,856
1,45,856
1,38,856
0,8,856
0,43,856
1,6,857
1,46,857
1,39,857
1,2,857
0,21,857
0,7,857
0,22,857
1,41,857
1,11,857
1,46,857
1,48,858
1,9,858
0,17,858
1,48,858
1,50,858
0,43,858
1,16,858
0,15,858
1,29,858
1,11,858
1,39,859
0,34,859
0,31,859
1,2,859
1,22,859
1,18,859
1,50,859
0,28,859
0,17,859
1,53,859
0,40,860
0,54,860
1,20,860
1,10,860
0,39,860
1,40,860
1,42,860
0,37,860
1,30,860
1,26,860
0,49,861
1,32,861
1,9,861
1,22,861
1,37,861
0,21,861
0,33,861
0,1,861
0,46,861
0,24,861
0,45,862
0,25,862
0,11,862
1,1,862
0,35,862
0,37,862
1,40,862
0,16,862
0,47,862
1,20,862
0,53,863
0,45,863
0,35,863
0,18,863
0,26,863
0,46,863
0,31,863
1,52,863
1,6,863
0,41,863
1,20,864
0,54,864
0,13,864
1,37,864
0,47,864
0,16,864
1,22,864
0,40,864
1,4,864
0,39,864
0,8,865
0,9,865
1,34,865
0,9,865
1,4,865
0,23,865
1,46,865
0,21,865
0,3,865
1,30,865
1,36,866
1,50,866
0,31,866
0,52,866
0,33,866
0,26,866
0,45,866
0,48,866
1,24,866
1,3,866
1,39,867
1,9,867
0,37,867
1,18,867
0,1,867
1,6,867
0,24,867
1,46,867
1,22,867
1,4,867
0,44,868
1,38,868
0,6,868
1,14,868
0,40,868
1,34,868
0,22,868
0,46,868
1,26,868
0,24,868
1,11,869
0,36,869
1,4,869
1,35,869
1,52,869
0,42,869
1,9,869
1,28,869
0,24,869
0,14,869
0,26,870
0,43,870
1,44,870
0,49,870
0,16,870
1,15,870
0,27,870
0,51,870
1,14,870
0,9,870
1,32,871
0,23,871
1,22,871
1,16,871
0,5,871
1,51,871
0,1,871
0,20,871
0,2,871
0,9,871
1,33,872
0,3,872
0,33,872
1,54,872
1,11,872
0,19,872
0,39,872
1,21,872
1,29,872
1,10,872
0,14,873
0,20,873
1,18,873
1,33,873
1,14,873
1,26,873
0,22,873
0,31,873
1,27,873
1,7,873
0,3,874
1,24,874
1,24,874
0,21,874
0,52,874
1,10,874
0,23,874
0,50,874
1,22,874
0,27,874
0,33,875
1,32,875
0,22,875
0,37,875
0,36,875
0,5,875
0,46,875
1,16,875
1,15,875
1,53,875
1,27,876
0,31,876
1,42,876
1,13,876
1,28,876
1,32,876
0,9,876
1,22,876
0,10,876
1,37,876
1,16,877
1,45,877
1,20,877
0,34,877
1,16,877
0,53,877
1,17,877
0,41,877
0,42,877
0,8,877
1,19,878
0,38,878
0,39,878
1,25,878
1,35,878
0,11,878
1,47,878
1,1,878
0,46,878
1,36,878
0,51,879
0,18,879
0,9,879
1,49,879
0,16,879
0,3,879
0,32,879
1,44,879
1,27,879
0,33,879
0,35,880
0,26,880
1,44,880
0,15,880
1,27,880
0,20,880
1,51,880
0,37,880
1,14,880
0,4,880
1,23,881
1,26,881
1,23,881
0,28,881
1,47,881
0,22,881
1,41,881
0,21,881
0,18,881
0,42,881
1,14,882
0,38,882
1,54,882
1,46,882
0,15,882
1,52,882
0,18,882
1,4,882
0,2,882
0,33,882
0,44,883
1,30,883
1,2,883
0,14,883
1,6,883
0,3,883
1,26,883
0,36,883
0,30,883
0,52,883
0,50,884
0,37,884
0,33,884
0,31,884
1,43,884
1,5,884
0,13,884
1,2,884
0,20,884
0,29,884
0,51,885
1,9,885
1,15,885
0,44,885
0,16,885
0,12,885
1,26,885
1,35,885
0,39,885
1,50,885
0,14,886
0,54,886
1,36,886
1,52,886
0,44,886
0,51,886
0,19,886
0,54,886
1,6,886
1,14,886
1,31,887
1,27,887
0,54,887
0,47,887
0,20,887
0,33,887
1,31,887
0,24,887
0,16,887
1,15,887
1,50,888
0,14,888
0,41,888
0,53,888
0,27,888
1,25,888
1,48,888
0,31,888
0,45,888
1,36,888
1,39,889
0,7,889
0,35,889
1,8,889
0,52,889
1,43,889
0,42,889
1,18,889
0,45,889
1,21,889
1,4,890
0,9,890
1,3,890
0,49,890
0,48,890
1,42,890
0,53,890
0,47,890
1,4,890
0,10,890
1,20,891
1,40,891
1,33,891
1,27,891
1,22,891
1,36,891
0,20,891
1,5,891
0,17,891
1,2,891
0,37,892
0,4,892
1,3,892
1,43,892
0,25,892
1,51,892
0,42,892
0,48,892
1,17,892
0,49,892
1,12,893
0,34,893
1,53,893
0,39,893
0,48,893
1,14,893
1,25,893
1,24,893
1,16,893
0,27,893
1,49,894
0,6,894
1,39,894
0,42,894
0,15,894
1,7,894
1,46,894
1,33,894
1,11,894
1,6,894
0,27,895
1,17,895
1,40,895
0,24,895
1,12,895
1,29,895
1,46,895
0,22,895
1,2,895
1,50,895
0,48,896
1,11,896
1,1,896
1,17,896
0,20,896
0,40,896
1,42,896
1,6,896
0,8,896
1,19,896
1,11,897
0,52,897
0,44,897
1,38,897
1,25,897
1,52,897
0,22,897
0,19,897
1,48,897
0,47,897
1,35,898
1,32,898
1,41,898
1,16,898
1,30,898
1,22,898
1,40,898
0,49,898
0,20,898
1,34,898
1,24,899
0,8,899
0,31,899
0,38,899
0,19,899
1,29,899
0,46,899
0,18,899
0,32,899
1,34,899
1,11,900
0,42,900
1,5,900
1,31,900
0,29,900
0,4,900
0,35,900
1,52,900
0,13,900
1,53,900
1,10,901
0,25,901
1,47,901
1,34,901
1,49,901
1,39,901
1,41,901
1,43,901
1,20,901
1,48,901
1,14,902
1,25,902
1,1,902
0,10,902
0,9,902
0,32,902
0,46,902
1,21,902
0,39,902
0,36,902
0,29,903
1,45,903
1,4,903
0,30,903
1,11,903
0,32,903
0,52,903
1,17,903
0,14,903
1,20,903
0,13,904
1,29,904
0,45,904
0,25,904
1,41,904
1,35,904
0,26,904
0,46,904
0,48,904
1,19,904
0,32,905
1,16,905
1,48,905
0,29,905
0,33,905
0,14,905
1,35,905
1,39,905
0,42,905
0,47,905
1,52,906
0,46,906
1,50,906
1,8,906
1,28,906
0,40,906
0,52,906
1,6,906
0,25,906
1,2,906
0,4,907
0,1,907
1,50,907
0,26,907
0,24,907
1,42,907
1,6,907
1,17,907
0,16,907
1,36,907
1,32,908
0,14,908
1,46,908
1,27,908
1,34,908
1,10,908
1,28,908
1,31,908
1,6,908
1,20,908
1,21,909
0,26,909
0,25,909
0,29,909
0,27,909
0,9,909
1,28,909
0,8,909
0,32,909
1,22,909
0,38,910
1,25,910
0,23,910
0,48,910
0,36,910
1,22,910
1,30,910
1,20,910
1,4,910
0,37,910
0,21,911
1,48,911
1,29,911
0,21,911
0,22,911
0,10,911
1,41,911
0,42,911
0,30,911
0,53,911
1,52,912
1,51,912
1,50,912
1,40,912
1,7,912
1,15,912
1,9,912
1,49,912
0,48,912
1,10,912
0,47,913
1,38,913
1,27,913
0,30,913
1,28,913
0,39,913
0,44,913
1,32,913
1,29,913
0,10,913
1,24,914
1,47,914
0,30,914
1,25,914
0,10,914
0,23,914
0,45,914
1,54,914
1,11,914
1,39,914
1,3,915
0,14,915
0,19,915
1,36,915
0,17,915
0,40,915
0,25,915
0,11,915
1,18,915
0,10,915
0,20,916
0,18,916
0,14,916
1,20,916
1,22,916
1,8,916
1,11,916
0,41,916
1,45,916
0,15,916
0,38,917
0,32,917
0,3,917
1,36,917
0,20,917
0,10,917
0,34,917
0,30,917
1,4,917
0,13,917
1,35,918
0,22,918
0,5,918
1,33,918
0,44,918
1,29,918
1,51,918
1,54,918
1,16,918
0,43,918
1,45,919
0,32,919
0,18,919
1,44,919
0,36,919
1,30,919
0,27,919
1,13,919
1,21,919
0,52,919
1,7,920
1,26,920
0,48,920
0,22,920
1,12,920
1,10,920
1,2,920
1,4,920
0,44,920
0,35,920
0,13,921
1,35,921
1,33,921
1,41,921
1,23,921
1,30,921
1,11,921
0,44,921
1,43,921
1,20,921
0,10,922
0,15,922
0,11,922
0,44,922
0,45,922
1,4,922
0,27,922
0,23,922
0,14,922
1,17,922
1,50,923
0,32,923
1,49,923
1,43,923
0,31,923
0,8,923
0,51,923
0,7,923
0,33,923
1,37,923
0,29,924
0,22,924
0,45,924
1,7,924
0,26,924
1,8,924
0,3,924
0,19,924
1,36,924
1,53,924
1,44,925
1,31,925
1,36,925
1,5,925
0,48,925
1,38,925
0,9,925
0,50,925
0,17,925
1,54,925
1,24,926
0,45,926
0,27,926
1,18,926
1,5,926
0,21,926
1,19,926
0,2,926
0,17,926
1,37,926
1,48,927
1,52,927
0,23,927
1,35,927
1,36,927
0,54,927
1,46,927
0,29,927
1,27,927
0,5,927
0,10,928
0,18,928
0,50,928
0,31,928
1,9,928
1,22,928
0,38,928
1,34,928
0,37,928
0,40,928
1,13,929
1,31,929
0,5,929
1,41,929
0,35,929
1,50,929
1,21,929
0,11,929
1,46,929
0,44,929
1,37,930
1,9,930
0,51,930
1,21,930
0,49,930
1,1,930
1,19,930
0,3,930
1,27,930
0,10,930
0,53,931
1,50,931
0,25,931
1,12,931
0,26,931
1,45,931
1,54,931
1,31,931
1,23,931
1,53,931
1,38,932
1,6,932
1,26,932
1,38,932
0,29,932
1,25,932
0,16,932
0,32,932
0,45,932
0,22,932
0,48,933
1,48,933
1,53,933
1,6,933
0,41,933
1,43,933
0,49,933
0,44,933
0,52,933
0,26,933
0,33,934
0,15,934
0,50,934
1,7,934
0,38,934
1,46,934
0,53,934
1,37,934
1,40,934
0,23,934
0,27,935
1,21,935
0,26,935
0,22,935
1,1,935
1,50,935
1,3,935
0,23,935
0,18,935
0,19,935
1,24,936
0,23,936
0,39,936
1,31,936
1,52,936
1,2,936
0,44,936
0,3,936
1,42,936
1,10,936
0,18,937
1,25,937
0,41,937
1,1,937
1,21,937
0,2,937
1,27,937
0,30,937
0,7,937
1,6,937
0,12,938
1,18,938
1,29,938
1,10,938
1,1,938
1,11,938
0,26,938
0,32,938
0,51,938
1,2,938
0,22,939
1,52,939
0,4,939
1,48,939
1,6,939
0,26,939
1,1,939
0,32,939
0,3,939
1,17,939
1,5,940
1,34,940
0,12,940
0,42,940
0,17,940
1,43,940
0,25,940
1,23,940
1,49,940
1,18,940
1,44,941
1,18,941
0,29,941
1,22,941
0,16,941
0,43,941
0,13,941
1,53,941
0,38,941
0,4,941
0,40,942
1,16,942
1,40,942
1,37,942
1,36,942
0,8,942
0,52,942
1,20,942
0,14,942
1,45,942
0,15,943
0,44,943
1,52,943
1,25,943
0,43,943
1,38,943
0,3,943
0,1,943
0,28,943
0,32,943
0,21,944
1,27,944
0,19,944
1,31,944
0,1,944
0,22,944
1,30,944
1,2,944
1,48,944
1,9,944
0,6,945
0,6,945
1,16,945
0,5,945
0,9,945
0,28,945
1,33,945
0,47,945
0,13,945
1,38,945
0,11,946
1,7,946
1,33,946
1,21,946
1,25,946
0,32,946
1,46,946
0,37,946
0,40,946
0,52,946
1,41,947
0,1,947
0,5,947
0,3,947
1,27,947
1,32,947
1,42,947
1,48,947
0,4,947
0,8,947
1,15,948
0,29,948
1,7,948
1,41,948
1,35,948
1,50,948
1,2,948
1,20,948
1,46,948
1,15,948
0,23,949
1,25,949
0,5,949
0,52,949
0,18,949
0,1,949
1,11,949
1,50,949
0,33,949
1,10,949
1,3,950
1,32,950
0,23,950
0,39,950
0,28,950
1,2,950
1,47,950
1,41,950
0,38,950
0,6,950
1,26,951
0,46,951
1,18,951
1,34,951
0,13,951
1,9,951
0,36,951
0,39,951
0,27,951
1,50,951
1,24,952
1,29,952
1,44,952
0,13,952
1,26,952
0,31,952
1,11,952
0,2,952
1,1,952
0,52,952
1,15,953
1,33,953
1,41,953
1,46,953
1,36,953
1,53,953
1,45,953
0,6,953
1,18,953
1,47,953
1,32,954
1,37,954
1,6,954
1,17,954
1,34,954
0,21,954
1,14,954
1,3,954
0,10,954
0,39,954
1,36,955
0,33,955
1,21,955
0,29,955
1,42,955
1,11,955
1,19,955
1,54,955
0,40,955
0,15,955
0,5,956
0,27,956
1,49,956
0,52,956
0,34,956
1,45,956
0,8,956
0,38,956
0,13,956
1,20,956
1,51,957
0,31,957
0,10,957
1,32,957
0,25,957
1,48,957
1,2,957
1,28,957
0,43,957
0,3,957
0,6,958
0,25,958
1,4,958
1,2,958
0,36,958
1,14,958
1,38,958
0,26,958
0,24,958
1,53,958
1,45,959
0,25,959
1,20,959
1,29,959
0,6,959
1,18,959
1,15,959
1,1,959
1,19,959
0,32,959
0,31,960
0,23,960
0,14,960
0,10,960
0,1,960
1,38,960
0,9,960
1,2,960
1,42,960
1,33,960
0,30,961
1,38,961
1,48,961
1,21,961
0,10,961
1,33,961
0,44,961
0,54,961
0,47,961
0,2,961
0,40,962
0,4,962
1,2,962
0,46,962
1,16,962
1,43,962
1,29,962
0,12,962
0,23,962
1,21,962
1,10,963
0,47,963
0,52,963
1,10,963
0,2,963
0,1,963
0,54,963
1,49,963
0,9,963
0,16,963
0,42,964
0,33,964
0,46,964
0,34,964
1,54,964
0,24,964
0,13,964
0,5,964
0,49,964
1,7,964
0,50,965
1,8,965
0,50,965
1,38,965
1,51,965
1,40,965
1,14,965
0,30,965
1,21,965
1,4,965
0,46,966
0,13,966
0,4,966
0,34,966
1,25,966
0,2,966
0,45,966
0,30,966
0,47,966
1,26,966
1,15,967
0,49,967
0,9,967
1,24,967
0,16,967
0,29,967
0,46,967
0,33,967
1,3,967
1,10,967
1,37,968
0,44,968
0,21,968
0,34,968
1,6,968
1,23,968
1,38,968
1,42,968
1,35,968
1,20,968
1,54,969
0,9,969
1,49,969
1,11,969
1,38,969
0,5,969
0,27,969
1,10,969
1,16,969
1,41,969
1,3,970
1,8,970
0,10,970
0,54,970
0,34,970
0,37,970
0,39,970
1,44,970
0,48,970
1,29,970
1,40,971
1,12,971
1,38,971
0,46,971
1,6,971
1,10,971
0,43,971
1,4,971
1,20,971
1,18,971
0,19,972
0,32,972
0,14,972
0,24,972
1,26,972
0,48,972
1,15,972
0,29,972
1,21,972
1,40,972
1,19,973
0,38,973
1,47,973
1,27,973
1,46,973
1,32,973
0,50,973
1,35,973
1,54,973
0,34,973
1,39,974
0,22,974
0,24,974
1,52,974
0,53,974
0,45,974
1,39,974
1,4,974
1,49,974
1,23,974
1,34,975
1,4,975
1,10,975
0,17,975
0,30,975
1,22,975
0,52,975
0,43,975
0,34,975
0,42,975
1,26,976
1,20,976
0,44,976
1,11,976
1,18,976
0,46,976
0,15,976
0,10,976
1,8,976
0,51,976
0,1,977
1,33,977
1,29,977
0,5,977
1,52,977
0,53,977
1,1,977
1,27,977
0,7,977
0,54,977
1,32,978
1,27,978
0,29,978
0,10,978
1,22,978
0,32,978
0,36,978
1,44,978
1,24,978
0,49,978
1,5,979
1,52,979
0,37,979
0,51,979
1,18,979
1,32,979
0,8,979
0,1,979
0,21,979
0,23,979
0,6,980
0,30,980
1,7,980
0,39,980
1,2,980
1,26,980
0,47,980
1,42,980
1,46,980
0,1,980
0,5,981
1,9,981
0,11,981
0,53,981
0,6,981
1,39,981
0,40,981
1,15,981
0,34,981
0,50,981
1,22,982
1,24,982
0,10,982
1,30,982
1,11,982
0,19,982
0,12,982
0,32,982
1,7,982
0,39,982
1,42,983
1,54,983
0,38,983
1,26,983
0,31,983
0,12,983
0,9,983
0,13,983
1,2,983
0,4,983
0,48,984
1,53,984
1,14,984
0,26,984
1,11,984
1,30,984
1,31,984
0,5,984
1,41,984
1,6,984
1,37,985
1,31,985
1,52,985
0,53,985
1,20,985
0,25,985
0,45,985
1,17,985
0,46,985
0,23,985
0,42,986
1,10,986
1,24,986
0,30,986
0,34,986
1,13,986
1,6,986
1,48,986
0,45,986
1,26,986
1,8,987
1,2,987
1,42,987
1,24,987
0,47,987
1,7,987
0,34,987
1,4,987
1,1,987
1,36,987
1,5,988
0,30,988
1,4,988
1,38,988
0,47,988
0,10,988
0,5,988
1,12,988
0,33,988
0,43,988
1,13,989
0,38,989
0,26,989
0,33,989
0,7,989
1,28,989
1,14,989
1,35,989
1,9,989
0,19,989
0,52,990
1,31,990
1,32,990
0,6,990
1,37,990
1,38,990
1,48,990
0,29,990
0,12,990
1,54,990
0,15,991
1,21,991
1,30,991
1,7,991
0,22,991
1,47,991
1,1,991
0,5,991
1,54,991
1,41,991
1,49,992
1,43,992
1,36,992
0,41,992
1,25,992
0,2,992
1,12,992
1,8,992
1,49,992
0,30,992
1,39,993
1,40,993
0,30,993
1,11,993
1,42,993
1,2,993
0,20,993
0,10,993
1,44,993
0,32,993
0,48,994
0,17,994
0,41,994
1,28,994
1,24,994
0,26,994
1,11,994
0,51,994
1,38,994
1,34,994
0,20,995
0,39,995
1,2,995
1,24,995
0,8,995
1,18,995
0,21,995
1,26,995
0,31,995
0,5,995
0,27,996
1,43,996
1,20,996
0,3,996
0,13,996
0,40,996
1,32,996
0,12,996
1,19,996
0,34,996
1,18,997
1,50,997
0,52,997
0,48,997
1,24,997
1,27,997
0,53,997
1,18,997
1,47,997
0,23,997
0,36,998
0,9,998
1,52,998
1,7,998
0,15,998
0,3,998
1,4,998
1,35,998
0,5,998
0,27,998
0,16,999
0,45,999
1,13,999
0,38,999
0,18,999
0,54,999
1,27,999
0,48,999
1,1,999
0,36,999
1,21,1000
1,21,1000
1,2,1000
1,45,1000
0,34,1000
0,32,1000
1,7,1000
1,23,1000
1,54,1000
1,15,1000
